rentid,locid_x,vinno,custid,staffid,insurance,pkdate,pktime,odoout,dropdate,droptime,gasin,odoin,gasrate,charge,locid_y,modelid,avail,dlyrent,cmake,cmodel,carcat,tankcap
11111111,ARFAY,2E1YL14554T842215,11111111,11156,0,7/2/2019,7:38 PM,19284,7/5/2019,5:48 PM,0.25,19731,3.08,252.84,ARFAY,A2019479,A,70,Audi,S8,"[""Sedan""]",14
11111112,ARFAY,4A8CP55216S918271,11111112,11157,0,10/26/2022,1:57 PM,20951,10/29/2022,5:27 AM,0.5,21398,2.3,243,ARFAY,G2018856,A,70,GMC,Savana 2500 Passenger,"[""Van/Minivan""]",20
11111113,ARFAY,8M6AA30500C546904,11111113,11158,30,12/15/2015,9:52 AM,33127,12/20/2015,4:18 PM,1,33574,3.3,550,ARFAY,T2020485,A,80,Toyota,Sienna,"[""Van/Minivan""]",20
11111114,ARFAY,8N6UJ21482R513555,11111114,11159,30,5/22/2017,2:12 PM,22205,5/25/2017,8:06 AM,1,22652,2.3,270,ARFAY,P2020287,A,60,Porsche,Macan,"[""SUV""]",16
11111115,ARFAY,2H1YD49850H942827,11111115,11160,0,2/16/2018,12:58 PM,21214,2/17/2018,2:52 PM,1,21661,3.08,80,ARFAY,P2020287,A,80,Porsche,Macan,"[""SUV""]",16
11111116,ARFAY,9H5UK70390C861765,11111116,11158,0,8/14/2015,7:32 PM,19607,8/19/2015,2:23 AM,1,20054,2.3,250,ARFAY,N2018478,A,50,Nissan,Rogue Sport,"[""SUV""]",16
11111117,ARFAY,4J6MF17707Y939480,11111117,11159,0,6/24/2022,7:17 PM,6571,6/28/2022,11:44 PM,1,7018,2.45,280,ARFAY,G2019223,A,70,GMC,Canyon Crew Cab,"[""Pickup""]",22
11111118,ARFAY,3C3DP89367X188844,11111118,11160,0,8/12/2020,5:24 PM,29365,8/20/2020,2:30 PM,1,29812,2.45,320,ARFAY,T2018881,A,40,Toyota,Corolla Hatchback,"[""Hatchback""]",14
11111119,ARLRK,2B7GF83833T397391,11111119,11151,30,5/10/2022,1:44 PM,23695,5/18/2022,10:24 AM,1,24142,2.45,640,ARLRK,S2019735,R,50,Subaru,Outback,"[""SUV""]",16
11111120,ARLRK,3U7JV41316Y147664,11111120,11152,30,1/19/2017,7:04 PM,7053,1/24/2017,12:50 PM,1,7500,2.3,400,ARLRK,C2022399,C,50,Chevrolet,Spark,"[""Hatchback""]",14
11111121,ARLRK,4T9CP74967W809063,11111121,11153,30,2/13/2020,9:02 AM,17043,2/15/2020,7:49 PM,1,17490,3.3,200,ARLRK,F2021159,A,70,Ford,Maverick,"[""Pickup""]",22
11111122,ARLRK,5J2FF87991D150426,11111122,11154,30,3/21/2021,8:28 AM,26978,3/28/2021,12:19 PM,1,27425,2.45,630,ARLRK,T2021150,A,60,Tesla,Model Y,"[""SUV""]",16
11111123,ARLRK,2U7KK67595D323422,11111123,11155,30,5/1/2016,10:18 AM,35228,5/9/2016,6:28 PM,1,35675,2.3,880,ARLRK,A2019951,R,80,Audi,A5,"{""Sedan""]",14
11111124,ARLRK,1V7BG80979C208723,11111124,11151,30,2/3/2019,1:13 PM,7591,2/4/2019,1:26 AM,1,8038,2.45,70,ARLRK,S2019993,R,40,Subaru,Crosstrek,"[""SUV""]",16
11111125,ARLRK,3K6UV58760Y742841,11111125,11152,30,4/27/2016,9:54 AM,12349,5/4/2016,4:51 PM,1,12796,3.08,630,ARLRK,B2018701,A,60,BMW,M8,"[""Hatchback""]",14
11111126,ARLRK,5Z9XK11837M438968,11111126,11153,0,1/16/2016,10:27 AM,8811,1/23/2016,2:14 PM,1,9258,2.45,560,ARLRK,G2019937,R,80,GMC,Savana 2500 Cargo,"[""Van/Minivan""]",20
11111127,ARLRK,6W7LW31345D904003,11111127,11154,30,10/15/2021,9:16 AM,13825,10/22/2021,4:11 PM,1,14272,2.3,490,ARLRK,A2021252,A,40,Acura,ILX,"[""Sedan""]",14
11111128,ARLRK,5P5AM28326A677048,11111128,11155,30,7/4/2019,1:35 PM,5621,7/9/2019,6:16 PM,1,6068,3.08,400,ARLRK,N2018726,S,50,Nissan,LEAF,"[""Hatchback""]",14
11111129,COCOS,4U6LJ64223N397912,11111129,11116,0,5/29/2017,11:10 AM,22479,6/6/2017,4:09 PM,1,22926,2.3,400,COCOS,D2018420,C,50,Dodge,Hornet,"[""SUV""]",16
11111130,COCOS,8A7DK52584W860390,11111130,11117,0,9/9/2021,2:09 PM,10396,9/10/2021,9:49 PM,1,10843,2.45,40,COCOS,F2022398,A,40,Ford,Bronco,"[""SUV""]",16
11111131,COCOS,1M6HK58549A366563,11111131,11118,0,6/19/2020,8:57 AM,15982,6/25/2020,1:26 AM,1,16429,3.08,240,COCOS,K2018810,R,40,Kia,Carnival,"[""Van/Minivan""]",20
11111132,COCOS,8J2KT55501D847338,11111132,11119,30,11/28/2018,11:18 AM,29922,11/29/2018,2:47 AM,1,30369,2.3,70,COCOS,C2020431,C,40,Chrysler,Pacifica Hybrid,"[""Van/Minivan""]",20
11111133,COCOS,9N2EB79267J117654,11111133,11120,0,5/7/2018,11:43 AM,26182,5/14/2018,4:23 AM,1,26629,3.3,490,COCOS,K2020424,A,70,Kia,Sorento Plug-in Hybrid,"[""SUV""]",16
11111134,COCOS,3D7DR82529H621575,11111134,11117,30,8/18/2019,5:29 PM,7691,8/19/2019,4:29 AM,0.25,8138,2.3,149.5,COCOS,K2018810,A,70,Kia,Carnival,"[""Van/Minivan""]",20
11111135,COCOS,7A4PT21016V179640,11111135,11118,0,1/16/2021,5:04 PM,25445,1/19/2021,2:04 AM,0.5,25892,2.3,263.1,COCOS,L2022179,C,80,Lexus,LS,"[""Sedan""]",14
11111136,COCOS,2Y9TW23288D826707,11111136,11119,0,9/27/2017,9:12 AM,38704,10/1/2017,5:57 AM,0.25,39151,3.08,322.84,COCOS,M2018428,A,70,Mercedes-Benz,Mercedes-EQ EQS,"[""Sedan""]",14
11111137,COCOS,3L2LX29420D942072,11111137,11120,0,8/28/2018,8:25 AM,39693,8/30/2018,7:07 PM,1,40140,2.3,160,COCOS,N2018726,A,80,Nissan,LEAF,"[""Hatchback""]",14
11111138,CODEN,1V8GS24640D912642,11111138,11111,0,1/20/2023,4:21 PM,26230,1/21/2023,10:03 AM,1,26677,3.08,40,CODEN,T2021150,A,40,Tesla,Model Y,"[""SUV""]",16
11111139,CODEN,6C6KB27625U988096,11111139,11112,30,12/17/2017,5:33 PM,18051,12/18/2017,12:53 PM,1,18498,2.3,90,CODEN,P2017297,A,60,Polestar,3,"[""SUV""]",16
11111140,CODEN,4C9YA80862B721365,11111140,11113,0,10/17/2017,3:36 PM,5813,10/21/2017,6:11 PM,1,6260,3.08,320,CODEN,G2018210,A,80,GMC,Sierra 1500 Crew Cab,"[""Pickup""]",22
11111141,CODEN,3E5UF79678B191203,11111141,11114,0,7/17/2020,11:47 AM,32552,7/19/2020,6:54 PM,1,32999,3.3,140,CODEN,H2020573,R,70,Honda,Odyssey,"[""Van/Minivan""]",20
11111142,CODEN,2J3VS61187W555792,11111142,11115,0,1/30/2019,7:34 PM,39582,2/1/2019,3:18 PM,1,40029,3.08,120,CODEN,C2020680,R,60,Chevrolet,Blazer,"[""SUV""]",16
11111143,CODEN,5B8SG34826B512598,11111143,11111,30,10/1/2019,6:47 PM,35363,10/9/2019,6:49 AM,1,35810,2.45,880,CODEN,T2018881,R,80,Toyota,Corolla Hatchback,"[""Hatchback""]",14
11111144,CODEN,1A8RU63018P138894,11111144,11112,0,10/15/2015,6:34 PM,28955,10/22/2015,7:57 AM,1,29402,2.3,490,CODEN,V2018416,A,70,Volvo,S90,"[""Sedan""]",14
11111145,CODEN,2K6YT31875H216877,11111145,11113,0,8/27/2019,12:49 PM,39879,9/4/2019,11:45 AM,1,40326,3.3,640,CODEN,B2020148,A,80,BMW,X4,"[""SUV""]",16
11111146,CODEN,4Z4LY56584U513697,11111146,11114,0,5/5/2017,2:32 PM,17478,5/7/2017,1:43 PM,1,17925,2.3,140,CODEN,A2020218,A,70,Audi,SQ7,"[""SUV""]",16
11111147,CODEN,3E4UX43386X818991,11111147,11115,30,4/11/2017,1:26 PM,20589,4/15/2017,5:05 AM,1,21036,2.45,400,CODEN,F2021689,A,70,Ford,Transit Connect Cargo Van,"[""Van/Minivan""]",20
11111148,KSTOP,8P9ZU63568V552659,11111148,11126,30,8/11/2017,6:48 PM,14589,8/16/2017,6:19 AM,1,15036,3.3,500,KSTOP,T2020133,A,70,Toyota,Highlander Hybrid,"[""SUV""]",16
11111149,KSTOP,8X1GA53880N424000,11111149,11127,30,6/28/2017,4:00 PM,11224,7/4/2017,11:32 PM,1,11671,2.3,420,KSTOP,A2018289,R,40,Audi,RS e-tron GT,"[""Sedan""]",14
11111150,KSTOP,7W2ET58244U985213,11111150,11128,30,3/22/2017,1:14 PM,13337,3/30/2017,7:45 AM,1,13784,3.3,880,KSTOP,C2022988,A,80,Chevrolet,Silverado 2500 HD Regular Cab,"[""Pickup""]",22
11111151,KSTOP,9R4DK69884V121695,11111151,11129,0,8/23/2020,3:29 PM,18169,8/29/2020,9:19 PM,1,18616,2.3,420,KSTOP,N2018201,A,70,Nissan,Armada,"[""SUV""]",16
11111152,KSTOP,9B9WV31907U932725,11111152,11130,30,5/3/2017,12:13 PM,15242,5/6/2017,10:59 AM,1,15689,2.3,270,KSTOP,F2021159,A,60,Ford,Maverick,"[""Pickup""]",22
11111153,KSTOP,6K7SZ91479Y634650,11111153,11126,0,10/8/2019,11:45 AM,38222,10/11/2019,6:18 AM,1,38669,2.45,120,KSTOP,M2021681,A,40,MINI,Hardtop 2 Door,"[""Hatchback""]",14
11111154,KSTOP,1F8HT53313C319612,11111154,11127,30,6/27/2017,12:03 PM,27673,7/2/2017,9:43 AM,1,28120,3.3,400,KSTOP,S2020758,C,50,Subaru,WRX,"[""Sedan""]",14
11111155,KSTOP,3B5CN51620J448813,11111155,11128,30,4/17/2017,6:33 PM,22656,4/24/2017,1:02 PM,1,23103,3.08,490,KSTOP,A2019256,C,40,Acura,Integra,"[""Hatchback""]",14
11111156,KSTOP,7Y4XS28668M727510,11111156,11129,30,3/5/2018,3:47 PM,6633,3/11/2018,11:45 AM,1,7080,2.45,600,KSTOP,B2018978,A,70,BMW,5 Series,"[""Sedan""]",14
11111157,KSTOP,1J3KM35643W519000,11111157,11130,30,12/18/2017,10:39 AM,7861,12/20/2017,11:47 PM,1,8308,2.3,180,KSTOP,M2017196,A,60,Mercedes-Benz,Mercedes-EQ EQS SUV,"[""SUV""]",16
11111158,KSWIC,1A4PG72965X497172,11111158,11121,0,5/8/2023,7:58 PM,15628,5/15/2023,7:43 PM,1,16075,2.3,490,KSWIC,V2018416,A,70,Volvo,S90,"[""Sedan""]",14
11111159,KSWIC,2C3ZH71217X997979,11111159,11122,0,7/23/2020,7:57 PM,34800,7/30/2020,1:37 AM,1,35247,3.08,280,KSWIC,A2018820,A,40,Audi,SQ5 Sportback,"[""SUV""]",16
11111160,KSWIC,1W1PL76628W125024,11111160,11123,0,8/13/2022,5:42 PM,15063,8/14/2022,6:27 AM,1,15510,3.3,70,KSWIC,C2018522,A,70,Chevrolet,Bolt EV,"[""Hatchback""]",14
11111161,KSWIC,3X4UU56608G918622,11111161,11124,30,5/7/2016,10:20 AM,9564,5/14/2016,1:13 PM,1,10011,3.3,560,KSWIC,K2021424,A,50,Kia,Forte,"[""Sedan""]",14
11111162,KSWIC,7G7KA32494T691353,11111162,11125,30,11/7/2022,7:02 PM,38291,11/14/2022,10:35 AM,1,38738,3.08,700,KSWIC,C2021166,A,70,Chevrolet,Bolt EUV,"[""Hatchback""]",14
11111163,KSWIC,4A1XV88006L775206,11111163,11121,30,6/26/2022,1:40 PM,27477,7/3/2022,5:08 AM,1,27924,2.3,560,KSWIC,G2019937,A,50,GMC,Savana 2500 Cargo,"[""Van/Minivan""]",20
11111164,KSWIC,7K4AK79253E230312,11111164,11122,30,12/25/2015,5:50 PM,9558,12/27/2015,9:12 AM,1,10005,3.08,180,KSWIC,T2018112,C,60,Toyota,4Runner,"[""SUV""]",16
11111165,KSWIC,9H5BK93450D873750,11111165,11123,30,12/23/2016,10:13 AM,34228,12/25/2016,2:02 PM,1,34675,3.08,220,KSWIC,T2018112,A,80,Toyota,4Runner,"[""SUV""]",16
11111166,KSWIC,2C5BB50984W617909,11111166,11124,30,6/18/2020,1:32 PM,39740,6/20/2020,8:24 AM,1,40187,3.08,200,KSWIC,M2019528,A,70,Mitsubishi,Mirage,"[""Hatchback""]",14
11111167,MOJFC,8H2LT56951A387804,11111167,11141,0,4/25/2021,10:46 AM,24281,4/27/2021,1:11 PM,1,24728,3.3,80,MOJFC,S2018607,A,40,Subaru,Ascent,"[""SUV""]",16
11111168,MOJFC,6E8SG57279V994290,11111168,11142,30,8/11/2020,5:36 PM,32844,8/12/2020,8:07 PM,1,33291,2.3,80,MOJFC,T2021999,R,50,Toyota,Prius,"[""Hatchback""]",14
11111169,MOJFC,2Z6NT99323F339261,11111169,11143,30,7/28/2017,5:35 PM,26767,8/5/2017,10:23 PM,1,27214,3.3,800,MOJFC,C2020198,R,70,Chevrolet,Traverse,"[""SUV""]",16
11111170,MOJFC,9B1UT37599P687550,11111170,11144,30,5/11/2020,3:36 PM,21073,5/14/2020,10:49 PM,1,21520,3.3,270,MOJFC,B2020822,A,60,BMW,7 Series,"[""Sedan""]",14
11111171,MOJFC,2C6BT26162C562354,11111171,11145,0,1/7/2021,11:01 AM,8683,1/14/2021,10:53 AM,1,9130,3.08,560,MOJFC,C2022228,A,80,Chevrolet,Silverado 3500 HD Regular Cab,"[""Pickup""]",22
11111172,MOJFC,7M4CY72078P582748,11111172,11141,30,7/19/2017,10:52 AM,24414,7/21/2017,10:01 AM,1,24861,2.45,160,MOJFC,M2020523,A,50,Mercedes-Benz,Mercedes-EQ EQB,"[""SUV""]",16
11111173,MOJFC,1C9XZ93319J633953,11111173,11142,0,7/11/2019,9:34 AM,25703,7/15/2019,2:59 AM,1,26150,3.3,280,MOJFC,N2021973,R,70,Nissan,Pathfinder,"[""SUV""]",16
11111174,MOJFC,8Y5BS65022E939204,11111174,11143,0,5/16/2017,11:48 AM,10111,5/17/2017,9:26 AM,1,10558,2.45,50,MOJFC,M2020999,A,50,Mercedes-Benz,E-Class,"[""Sedan""]",14
11111175,MOJFC,7W7LC15667Z725617,11111175,11144,0,2/4/2018,12:52 PM,36311,2/9/2018,8:51 AM,1,36758,3.08,350,MOJFC,C2020680,A,70,Chevrolet,Blazer,"[""SUV""]",16
11111176,MOJFC,3K8LK65264R880194,11111176,11145,30,12/19/2022,4:56 PM,7946,12/25/2022,11:23 PM,1,8393,2.45,660,MOJFC,H2021123,A,80,Hyundai,Elantra,"[""Sedan""]",14
11111177,MOSPR,3R7VC71704P856240,11111177,11146,30,5/30/2015,2:03 PM,5359,6/6/2015,1:28 AM,1,5806,3.08,630,MOSPR,M2019957,A,60,MINI,Hardtop 4 Door,"[""Hatchback""]",14
11111178,MOSPR,3J7PT35765V264618,11111178,11147,30,6/13/2019,9:08 AM,36692,6/15/2019,9:59 PM,1,37139,2.45,220,MOSPR,A2019951,A,80,Audi,A5,"{""Sedan""]",14
11111179,MOSPR,3J7PT35765V264618,11111179,11148,30,9/18/2015,8:07 AM,31960,9/26/2015,7:34 PM,1,32407,3.3,880,MOSPR,A2019951,A,80,Audi,A5,"{""Sedan""]",14
11111180,MOSPR,6G3RW89338J873363,11111180,11149,0,2/4/2016,10:09 AM,38428,2/12/2016,7:15 PM,1,38875,3.08,640,MOSPR,K2018810,R,80,Kia,Carnival,"[""Van/Minivan""]",20
11111181,MOSPR,3B7AH39402R827514,11111181,11150,30,11/6/2016,7:10 PM,20292,11/14/2016,5:21 AM,1,20739,3.08,560,MOSPR,A2017420,C,40,Audi,RS Q8,"[""SUV""]",16
11111182,MOSPR,9V7XZ42573V388608,11111182,11147,0,5/15/2022,2:33 PM,39365,5/23/2022,6:15 PM,1,39812,2.3,320,MOSPR,M2019528,A,40,Mitsubishi,Mirage,"[""Hatchback""]",14
11111183,MOSPR,6P9YV42568A361446,11111183,11148,30,8/29/2019,3:27 PM,25227,9/2/2019,12:20 AM,1,25674,2.3,440,MOSPR,P2017297,A,80,Polestar,3,"[""SUV""]",16
11111184,MOSPR,3P6KM80619V912592,11111184,11149,30,2/27/2023,6:56 PM,5312,3/1/2023,7:08 AM,1,5759,2.45,160,MOSPR,S2019993,A,50,Subaru,Crosstrek,"[""SUV""]",16
11111185,MOSPR,6C9MZ30274V609270,11111185,11150,30,2/4/2016,7:06 PM,32412,2/5/2016,12:44 AM,1,32859,2.45,90,MOSPR,N2018710,A,60,Nissan,Murano,"[""SUV""]",16
11111186,OKOKC,9D1NK33306G895688,11111186,11131,30,5/28/2022,11:03 AM,8659,6/1/2022,6:50 PM,1,9106,2.3,440,OKOKC,A2018237,A,80,Audi,Q3,"[""SUV""]",16
11111187,OKOKC,7T3AP51769C456115,11111187,11132,0,6/5/2018,7:39 PM,7740,6/8/2018,3:31 PM,1,8187,3.3,240,OKOKC,F2021789,A,80,Ford,F150 SuperCrew Cab,"[""Pickup""]",22
11111188,OKOKC,4E8UP37407W292344,11111188,11133,0,10/1/2021,2:04 PM,35656,10/2/2021,9:55 PM,1,36103,3.3,50,OKOKC,M2021681,A,50,MINI,Hardtop 2 Door,"[""Hatchback""]",14
11111189,OKOKC,3T6MZ46775V187335,11111189,11134,0,2/25/2021,3:03 PM,27523,2/28/2021,1:25 AM,1,27970,3.3,180,OKOKC,M2021681,A,60,MINI,Hardtop 2 Door,"[""Hatchback""]",14
11111190,OKOKC,9R9GS94757L202711,11111190,11135,0,5/27/2018,12:54 PM,15540,6/1/2018,10:03 AM,1,15987,2.3,350,OKOKC,F2021789,R,70,Ford,F150 SuperCrew Cab,"[""Pickup""]",22
11111191,OKOKC,5P9XR25122C477045,11111191,11131,30,4/10/2017,10:20 AM,13048,4/14/2017,4:58 PM,1,13495,2.3,440,OKOKC,T2021999,A,80,Toyota,Prius,"[""Hatchback""]",14
11111192,OKOKC,4C5ZR87411N862377,11111192,11132,0,2/6/2017,10:57 AM,13003,2/12/2017,3:05 AM,1,13450,2.3,360,OKOKC,L2022667,A,60,Land Rover,Defender 110,"[""SUV""]",16
11111193,OKOKC,5N6VB28183L709281,11111193,11133,0,12/28/2020,3:28 PM,33313,1/5/2021,1:01 PM,1,33760,2.3,480,OKOKC,G2021192,A,60,GMC,Savana 3500 Passenger,"[""Van/Minivan""]",20
11111194,OKOKC,1F6NP56321P789983,11111194,11134,0,10/10/2021,10:20 AM,6330,10/14/2021,4:49 PM,1,6777,3.3,280,OKOKC,S2018607,A,70,Subaru,Ascent,"[""SUV""]",16
11111195,OKOKC,5F8UN16184X605268,11111195,11135,30,5/14/2017,2:58 PM,5026,5/15/2017,12:04 AM,1,5473,2.3,70,OKOKC,N2020743,A,40,Nissan,Kicks,"[""SUV""]",16
11111196,OKTUL,5F4CS37026R916877,11111196,11136,0,11/5/2021,3:05 PM,15005,11/12/2021,4:52 AM,1,15452,2.3,350,OKTUL,B2021568,A,50,BMW,8 Series,"[""Sedan""]",14
11111197,OKTUL,8T5AZ94363W851254,11111197,11137,30,6/12/2020,7:34 PM,16224,6/13/2020,8:53 AM,1,16671,3.3,110,OKTUL,A2021588,A,80,Audi,S5,"[""Sedan""]",14
11111198,OKTUL,1M6TY64896P412245,11111198,11138,0,4/14/2018,10:33 AM,16766,4/17/2018,10:34 AM,1,17213,3.3,150,OKTUL,V2019895,A,50,Volvo,S60,"[""Sedan""]",14
11111199,OKTUL,3V5ZC27453L203410,11111199,11139,30,7/13/2019,7:41 PM,36322,7/18/2019,8:49 AM,1,36769,3.3,450,OKTUL,V2020170,A,60,Volkswagen,Arteon,"[""Sedan""]",14
11111200,OKTUL,2Z1ME78668L981453,11111200,11140,30,11/17/2018,11:29 AM,18360,11/24/2018,8:13 AM,1,18807,3.3,630,OKTUL,C2021118,A,60,Chevrolet,Silverado 1500 Regular Cab,"[""Pickup""]",22
11111201,OKTUL,3A8ZL32347T125173,11111201,11136,30,5/3/2023,8:39 AM,31649,5/11/2023,3:10 AM,1,32096,3.08,560,OKTUL,C2017260,A,40,Chevrolet,Express 3500 Cargo,"[""Van/Minivan""]",20
11111202,OKTUL,2X1AG36474C535962,11111202,11137,0,1/2/2020,10:16 AM,13210,1/8/2020,3:07 PM,1,13657,3.08,360,OKTUL,L2021456,A,60,Lexus,NX,"[""SUV""]",16
11111203,OKTUL,4L3DT52511Z553484,11111203,11138,30,3/20/2017,6:30 PM,5850,3/28/2017,1:04 PM,1,6297,2.45,720,OKTUL,A2020660,A,60,Audi,e-tron S,"[""SUV""]",16
11111204,OKTUL,2S8NC21366Y867623,11111204,11139,30,8/9/2018,5:17 PM,14814,8/17/2018,9:36 PM,1,15261,3.3,560,OKTUL,V2022555,A,40,Volkswagen,Golf GTI,"[""Hatchback""]",14
11111205,OKTUL,4T8KR67911M469244,11111205,11140,0,1/2/2021,9:25 AM,35006,1/5/2021,1:12 AM,1,35453,3.3,120,OKTUL,K2022440,C,40,Kia,Stinger,"[""Sedan""]",14
11111206,ARFAY,8X2CV84899E432312,11111206,11160,30,2/22/2023,2:49 PM,19097,2/25/2023,5:48 PM,1,19544,2.3,210,ARFAY,N2017175,A,40,Nissan,Altima,"[""Sedan""]",14
11111207,ARFAY,6M9JJ66711A282508,11111207,11158,0,5/1/2023,10:37 AM,37493,5/6/2023,5:27 AM,1,37940,2.3,350,ARFAY,T2021999,A,70,Toyota,Prius,"[""Hatchback""]",14
11111208,ARFAY,5K7LN15781Y237048,11111208,11157,0,11/25/2022,1:33 PM,32264,11/30/2022,4:18 PM,1,32711,3.3,200,ARFAY,V2018747,R,40,Volkswagen,Taos,"[""SUV""]",16
11111209,ARFAY,1D8LH28029V268829,11111209,11156,0,12/20/2022,5:34 PM,26896,12/28/2022,8:06 AM,1,27343,3.08,400,ARFAY,M2019790,C,50,Mercedes-Benz,GLB,"[""SUV""]",16
11111210,ARFAY,1Z1NL59517Y487276,11111210,11159,0,5/6/2023,6:29 PM,21428,5/12/2023,2:52 PM,1,21875,2.3,420,ARFAY,N2021973,A,70,Nissan,Pathfinder,"[""SUV""]",16
11111211,ARFAY,9X4ZG43996A256603,11111211,11160,30,12/17/2022,11:10 AM,22438,12/21/2022,2:23 AM,1,22885,2.45,440,ARFAY,M2022603,R,80,Mitsubishi,Outlander,"[""SUV""]",16
11111212,ARFAY,1Z1NL59517Y487276,11111212,11158,30,7/5/2022,10:12 AM,21105,7/9/2022,11:44 PM,1,21552,3.08,400,ARFAY,N2021973,A,70,Nissan,Pathfinder,"[""SUV""]",16
11111213,ARFAY,9X4ZG43996A256603,11111213,11157,0,5/8/2023,1:31 PM,9574,5/11/2023,2:30 PM,1,10021,2.45,240,ARFAY,M2022603,R,80,Mitsubishi,Outlander,"[""SUV""]",16
11111214,ARFAY,3C3DP89367X188844,11111214,11156,30,12/30/2022,4:25 PM,6344,1/3/2023,10:24 AM,1,6791,2.45,280,ARFAY,T2018881,A,40,Toyota,Corolla Hatchback,"[""Hatchback""]",14
11111215,ARFAY,8S9KB51565X472804,11111215,11159,30,3/1/2023,11:51 AM,35364,3/3/2023,12:50 PM,1,35811,2.3,160,ARFAY,M2021681,C,50,MINI,Hardtop 2 Door,"[""Hatchback""]",14
11111216,ARFAY,7Y8YL90630H133976,11111216,11160,0,2/28/2023,7:17 PM,19446,3/5/2023,7:49 PM,1,19893,2.45,300,ARFAY,N2018726,U,60,Nissan,LEAF,"[""Hatchback""]",14
11111217,ARFAY,9N8KB50630T469953,11111217,11158,30,9/27/2022,11:43 AM,31467,10/2/2022,12:19 PM,1,31914,3.08,350,ARFAY,M2021922,A,40,MINI,Clubman,"[""Hatchback""]",14
11111218,ARFAY,8J1VZ12586J618073,11111218,11157,30,1/3/2023,8:50 AM,28651,1/7/2023,6:28 PM,1,29098,3.3,440,ARFAY,M2021922,A,80,MINI,Clubman,"[""Hatchback""]",14
11111219,ARFAY,2M2RZ27039A673047,11111219,11156,0,8/8/2022,11:57 AM,33667,8/10/2022,1:26 AM,1,34114,3.08,160,ARFAY,C2019486,A,80,Chevrolet,Trailblazer,"[""SUV""]",16
11111220,ARFAY,9T2ME48718X649396,11111220,11159,30,4/20/2023,7:16 PM,7447,4/22/2023,4:51 PM,1,7894,3.08,200,ARFAY,C2020431,A,70,Chrysler,Pacifica Hybrid,"[""Van/Minivan""]",20
11111221,ARFAY,8C6KZ35462E881913,11111221,11160,30,6/20/2022,5:30 PM,33858,6/21/2022,2:14 PM,1,34305,3.08,90,ARFAY,S2021374,A,60,Subaru,Forester,"[""SUV""]",16
11111222,ARFAY,7N6ST17657Y696538,11111222,11158,30,5/27/2022,11:04 AM,32666,5/30/2022,4:11 PM,1,33113,3.08,270,ARFAY,C2021166,C,60,Chevrolet,Bolt EUV,"[""Hatchback""]",14
11111223,ARFAY,9B7PM11900S909430,11111223,11157,30,8/13/2022,1:01 PM,37113,8/15/2022,6:16 PM,1,37560,2.45,180,ARFAY,A2017936,R,60,Audi,A4,"[""Sedan""]",14
11111224,ARFAY,5Y9RU12127F358324,11111224,11156,0,12/16/2022,10:35 AM,19602,12/18/2022,4:09 PM,1,20049,2.3,120,ARFAY,A2020339,C,60,Acura,MDX,"[""SUV""]",16
11111225,ARFAY,4J6MF17707Y939480,11111225,11159,0,4/22/2023,2:32 PM,20968,4/30/2023,9:49 PM,1,21415,2.3,560,ARFAY,G2019223,A,70,GMC,Canyon Crew Cab,"[""Pickup""]",22
11111226,ARFAY,1Y9BJ48512P534089,11111226,11160,30,11/4/2022,8:25 AM,18282,11/12/2022,1:26 AM,1,18729,2.3,640,ARFAY,F2021689,A,50,Ford,Transit Connect Cargo Van,"[""Van/Minivan""]",20
11111227,ARFAY,6B9RT49939U285195,11111227,11158,0,11/19/2022,7:23 PM,19259,11/21/2022,2:47 AM,1,19706,2.45,100,ARFAY,M2021851,A,50,MAZDA,CX-5,"[""SUV""]",16
11111228,ARFAY,5K8TH21772S881041,11111228,11157,0,2/11/2023,7:03 PM,24233,2/12/2023,4:23 AM,1,24680,3.3,60,ARFAY,T2018909,A,60,Tesla,Model X,"[""SUV""]",16
11111229,ARFAY,6T4DP96174X705038,11111229,11156,30,7/4/2022,10:53 AM,6323,7/11/2022,4:29 AM,1,6770,2.45,490,ARFAY,T2020350,C,40,Toyota,bZ4X,"[""SUV""]",16
11111230,ARFAY,8S9SK93078F851249,11111230,11159,0,6/10/2022,3:33 PM,30754,6/14/2022,2:04 AM,1,31201,3.3,160,ARFAY,A2020255,C,40,Audi,e-tron,"[""SUV""]",16
11111231,ARFAY,6K2NZ12717H945389,11111231,11160,30,3/18/2023,6:14 PM,14487,3/19/2023,5:57 AM,1,14934,2.45,70,ARFAY,T2022970,R,40,Toyota,C-HR,"[""SUV""]",16
11111232,ARFAY,8B7WS89624G299946,11111232,11158,30,4/28/2023,11:03 AM,29138,5/1/2023,7:07 PM,1,29585,2.45,240,ARFAY,A2021615,A,50,Acura,RDX,"[""SUV""]",16
11111233,ARFAY,2E5NL20643R529766,11111233,11157,0,3/6/2023,5:37 PM,28629,3/11/2023,10:03 AM,1,29076,3.08,250,ARFAY,G2019178,U,50,GMC,Sierra 1500 Double Cab,"[""Pickup""]",22
11111234,ARFAY,1L8ZG28435S605383,11111234,11156,0,5/8/2023,6:05 PM,15454,5/10/2023,12:53 PM,1,15901,3.08,120,ARFAY,C2022988,R,60,Chevrolet,Silverado 2500 HD Regular Cab,"[""Pickup""]",22
11111235,ARFAY,9M4MC63200F324751,11111235,11159,0,12/14/2022,8:19 AM,20591,12/18/2022,6:11 PM,1,21038,2.3,160,ARFAY,A2021413,A,40,Audi,e-tron Sportback,"[""SUV""]",16
11111236,ARLRK,5H2BH99633Z300443,11111236,11155,30,6/16/2022,10:55 AM,25766,6/22/2022,6:54 PM,1,26213,3.08,600,ARLRK,P2019126,A,70,Porsche,Cayenne,"[""SUV""]",16
11111237,ARLRK,1V7BG80979C208723,11111237,11154,0,3/25/2023,7:41 PM,32821,4/2/2023,3:18 PM,1,33268,3.08,320,ARLRK,S2019993,R,40,Subaru,Crosstrek,"[""SUV""]",16
11111238,ARLRK,3K6UV58760Y742841,11111238,11153,0,9/23/2022,6:13 PM,31177,9/24/2022,6:49 AM,1,31624,2.3,60,ARLRK,B2018701,A,60,BMW,M8,"[""Hatchback""]",14
11111239,ARLRK,5Z9XK11837M438968,11111239,11152,30,5/27/2022,7:11 PM,19554,6/2/2022,7:57 AM,1,20001,2.45,660,ARLRK,G2019937,R,80,GMC,Savana 2500 Cargo,"[""Van/Minivan""]",20
11111240,ARLRK,9M1AT51242M948010,11111240,11151,0,1/18/2023,7:07 PM,32129,1/21/2023,11:45 AM,1,32576,2.45,180,ARLRK,A2020660,C,60,Audi,e-tron S,"[""SUV""]",16
11111241,ARLRK,2B7GF83833T397391,11111241,11155,0,11/2/2022,12:02 PM,39243,11/9/2022,1:43 PM,1,39690,2.45,350,ARLRK,S2019735,R,50,Subaru,Outback,"[""SUV""]",16
11111242,ARLRK,3Z5ZG58504K683433,11111242,11154,0,10/21/2022,5:32 PM,13481,10/29/2022,5:05 AM,1,13928,3.3,640,ARLRK,F2020429,C,80,Ford,F150 Lightning,"[""Pickup""]",22
11111243,ARLRK,9X1KW66464D770071,11111243,11153,30,9/13/2022,3:53 PM,10081,9/16/2022,6:19 AM,1,10528,3.3,210,ARLRK,C2018522,C,40,Chevrolet,Bolt EV,"[""Hatchback""]",14
11111244,ARLRK,8U1FN75720E837526,11111244,11152,30,1/22/2023,8:39 AM,30725,1/27/2023,11:32 PM,1,31172,2.45,450,ARLRK,C2018522,A,60,Chevrolet,Bolt EV,"[""Hatchback""]",14
11111245,ARLRK,8Z1WD14833U419509,11111245,11151,30,10/22/2022,12:15 PM,24964,10/23/2022,7:45 AM,1,25411,2.45,110,ARLRK,C2021166,A,80,Chevrolet,Bolt EUV,"[""Hatchback""]",14
11111246,ARLRK,2H7TA51615S786181,11111246,11155,30,10/8/2022,3:20 PM,32923,10/10/2022,9:19 PM,1,33370,2.3,140,ARLRK,A2018754,C,40,Alfa Romeo,Stelvio,"[""SUV""]",16
11111247,ARLRK,9J9MW18392B968728,11111247,11154,0,2/8/2023,12:02 PM,5701,2/9/2023,10:59 AM,1,6148,3.3,70,ARLRK,V2017761,A,70,Volkswagen,Tiguan,"[""SUV""]",16
11111248,ARLRK,2U7KK67595D323422,11111248,11153,30,4/6/2023,12:41 PM,11056,4/8/2023,6:18 AM,1,11503,2.3,220,ARLRK,A2019951,R,80,Audi,A5,"{""Sedan""]",14
11111249,ARLRK,4W8KD32214H792188,11111249,11152,0,5/26/2022,12:21 PM,22361,5/29/2022,9:43 AM,1,22808,3.3,210,ARLRK,A2018237,A,70,Audi,Q3,"[""SUV""]",16
11111250,ARLRK,3T1JH89857M637352,11111250,11151,30,10/17/2022,10:58 AM,20536,10/23/2022,1:02 PM,1,20983,2.3,540,ARLRK,V2021150,A,60,Volkswagen,ID.4,"[""SUV""]",16
11111251,ARLRK,2B1RC82518B703581,11111251,11155,0,4/29/2023,4:06 PM,31488,5/1/2023,11:45 AM,1,31935,3.08,80,ARLRK,G2019833,A,40,GMC,Savana 3500 Cargo,"[""Van/Minivan""]",20
11111252,ARLRK,3S6EF51857D848200,11111252,11154,0,4/25/2023,10:52 AM,15666,4/27/2023,11:47 PM,1,16113,2.3,140,ARLRK,H2018724,C,70,Hyundai,Elantra Hybrid,"[""Sedan""]",14
11111253,ARLRK,6J5UW68826V806250,11111253,11153,0,11/22/2022,7:18 PM,39605,11/23/2022,7:43 PM,1,40052,2.3,70,ARLRK,A2019795,C,70,Alfa Romeo,Giulia,"[""Sedan""]",14
11111254,ARLRK,7G1DB79306V500488,11111254,11152,0,8/10/2022,5:21 PM,12439,8/14/2022,1:37 AM,1,12886,3.3,280,ARLRK,M2018996,A,70,MAZDA,CX-90,"[""SUV""]",16
11111255,ARLRK,6W7LW31345D904003,11111255,11151,0,2/14/2023,7:51 PM,9619,2/16/2023,6:27 AM,1,10066,2.45,80,ARLRK,A2021252,A,40,Acura,ILX,"[""Sedan""]",14
11111256,ARLRK,5P5AM28326A677048,11111256,11155,0,8/1/2022,8:44 AM,26800,8/6/2022,1:13 PM,1,27247,2.45,250,ARLRK,N2018726,S,50,Nissan,LEAF,"[""Hatchback""]",14
11111257,ARLRK,9F1NF22406R176475,11111257,11154,30,5/17/2023,10:12 AM,31608,5/18/2023,10:35 AM,1,32055,2.3,70,ARLRK,L2021884,A,40,Lexus,LS,"[""Sedan""]",14
11111258,ARLRK,4A4XP89552N395321,11111258,11153,0,9/24/2022,2:06 PM,29028,9/25/2022,5:08 AM,1,29475,2.3,60,ARLRK,C2021198,A,60,Chevrolet,Silverado 2500 HD Double Cab,"[""Pickup""]",22
11111259,ARLRK,9G5TG42005K840280,11111259,11152,30,6/8/2022,10:05 AM,9487,6/9/2022,9:12 AM,1,9934,3.08,70,ARLRK,M2021495,A,40,Mercedes-Benz,Mercedes-EQ EQE,"[""Sedan""]",14
11111260,ARLRK,5K1MS19689U381543,11111260,11151,0,2/4/2023,7:02 PM,30989,2/6/2023,2:02 PM,1,31436,2.45,80,ARLRK,T2018112,A,40,Toyota,4Runner,"[""SUV""]",16
11111261,ARLRK,3P2SX78606V987724,11111261,11155,0,6/17/2022,9:52 AM,19523,6/24/2022,8:24 AM,1,19970,2.3,560,ARLRK,P2020469,A,80,Polestar,2,"[""Hatchback""]",14
11111262,ARLRK,7R7MD58371M549851,11111262,11154,0,4/9/2023,10:08 AM,16750,4/14/2023,1:11 PM,1,17197,2.45,200,ARLRK,V2017761,R,40,Volkswagen,Tiguan,"[""SUV""]",16
11111263,ARLRK,4W2MZ71927N768349,11111263,11153,0,3/26/2023,1:02 PM,24146,3/30/2023,8:07 PM,1,24593,3.3,240,ARLRK,M2020523,A,60,Mercedes-Benz,Mercedes-EQ EQB,"[""SUV""]",16
11111264,ARLRK,6D5NH89255A283174,11111264,11152,0,4/29/2023,12:11 PM,22002,4/30/2023,10:23 PM,1,22449,3.08,80,ARLRK,K2022331,R,80,Kia,Rio,"[""Sedan""]",14
11111265,ARLRK,8M5CA73186C997734,11111265,11151,30,1/28/2023,1:51 PM,36868,2/2/2023,10:49 PM,1,37315,3.3,550,ARLRK,G2020185,C,80,GMC,Sierra 1500 Regular Cab,"[""Pickup""]",22
11111266,ARLRK,6R2DR87857B810980,11111266,11155,30,8/2/2022,1:39 PM,8218,8/10/2022,10:53 AM,1,8665,2.3,800,ARLRK,B2018851,C,70,BMW,X3 M,"[""SUV""]",16
11111267,ARLRK,2F5HP47965A250486,11111267,11154,30,12/25/2022,9:49 AM,21345,1/1/2023,10:01 AM,1,21792,2.3,770,ARLRK,T2020485,A,80,Toyota,Sienna,"[""Van/Minivan""]",20
11111268,ARLRK,9T2MV31494S253702,11111268,11153,0,11/12/2022,8:17 AM,31391,11/20/2022,2:59 AM,1,31838,3.3,320,ARLRK,B2020256,C,40,BMW,X5,"[""SUV""]",16
11111269,ARLRK,8K3DW29191M882814,11111269,11152,30,4/3/2023,9:53 AM,15727,4/11/2023,9:26 AM,1,16174,2.3,800,ARLRK,B2018435,C,70,BMW,X3,"[""SUV""]",16
11111270,ARLRK,7R6BJ29415K563754,11111270,11151,30,3/16/2023,8:05 AM,23300,3/23/2023,8:51 AM,1,23747,2.3,560,ARLRK,A2019137,A,50,Audi,e-tron S Sportback,"[""SUV""]",16
11111271,ARLRK,4J4XV38329D766012,11111271,11155,30,6/5/2022,10:06 AM,8705,6/9/2022,11:23 PM,1,9152,3.3,440,ARLRK,G2020825,A,80,Genesis,G80,"[""Sedan""]",14
11111272,ARLRK,2S4MW26872U599014,11111272,11154,30,6/5/2022,10:44 AM,17399,6/12/2022,1:28 AM,1,17846,2.45,560,ARLRK,M2022989,C,50,Mercedes-Benz,GLA,"[""SUV""]",16
11111273,ARLRK,3E9EM80442R962596,11111273,11153,30,4/4/2023,1:35 PM,9753,4/11/2023,9:59 PM,1,10200,3.08,700,ARLRK,M2020652,C,70,MAZDA,CX-9,"[""SUV""]",16
11111274,ARLRK,4S6ZG50556Y826794,11111274,11152,0,11/3/2022,6:59 PM,32773,11/5/2022,7:34 PM,1,33220,2.3,140,ARLRK,T2020552,A,70,Toyota,Corolla,"[""Sedan""]",14
11111275,ARLRK,6N1DY25603G950527,11111275,11151,30,3/31/2023,7:51 PM,36144,4/3/2023,7:15 PM,1,36591,2.45,270,ARLRK,A2021488,A,60,Audi,S6,"[""Sedan""]",14
11111276,ARLRK,2D2EU28396N492995,11111276,11151,0,1/21/2023,5:52 PM,28554,1/27/2023,5:21 AM,1,29001,2.3,300,ARLRK,B2019701,A,50,BMW,3 Series,"[""Sedan""]",14
11111277,COCOS,7X1RN69785N313188,11111277,11116,30,5/15/2023,3:01 PM,14598,5/19/2023,6:15 PM,1,15045,2.3,440,COCOS,L2020256,C,80,Lexus,GX,"[""SUV""]",16
11111278,COCOS,9K6JB40101Z791507,11111278,11117,30,5/5/2023,7:15 PM,10065,5/12/2023,12:20 AM,1,10512,2.45,490,COCOS,D2018420,R,40,Dodge,Hornet,"[""SUV""]",16
11111279,COCOS,4U6LJ64223N397912,11111279,11118,0,8/31/2022,7:37 PM,23350,9/7/2022,7:08 AM,1,23797,3.08,350,COCOS,D2018420,C,50,Dodge,Hornet,"[""SUV""]",16
11111280,COCOS,8A7DK52584W860390,11111280,11119,0,5/12/2023,1:39 PM,10697,5/18/2023,12:44 AM,1,11144,2.3,240,COCOS,F2022398,A,40,Ford,Bronco,"[""SUV""]",16
11111281,COCOS,1M6HK58549A366563,11111281,11120,30,10/3/2022,4:10 PM,23114,10/8/2022,6:50 PM,1,23561,3.08,350,COCOS,K2018810,R,40,Kia,Carnival,"[""Van/Minivan""]",20
11111282,COCOS,8J2KT55501D847338,11111282,11116,0,1/22/2023,11:46 AM,34184,1/26/2023,3:31 PM,1,34631,3.3,160,COCOS,C2020431,C,40,Chrysler,Pacifica Hybrid,"[""Van/Minivan""]",20
11111283,COCOS,9N2EB79267J117654,11111283,11117,0,8/13/2022,9:46 AM,13085,8/20/2022,9:55 PM,1,13532,2.45,490,COCOS,K2020424,A,70,Kia,Sorento Plug-in Hybrid,"[""SUV""]",16
11111284,COCOS,3D7DR82529H621575,11111284,11118,0,5/30/2022,4:00 PM,10483,6/2/2022,1:25 AM,1,10930,3.08,210,COCOS,K2018810,A,70,Kia,Carnival,"[""Van/Minivan""]",20
11111285,COCOS,4S9SS29353A720368,11111285,11119,30,4/2/2023,2:58 PM,22928,4/4/2023,10:03 AM,1,23375,2.3,160,COCOS,F2022398,R,50,Ford,Bronco,"[""SUV""]",16
11111286,COCOS,6Z3FP37950S594593,11111286,11120,30,10/21/2022,6:02 PM,25336,10/26/2022,4:58 PM,1,25783,3.3,550,COCOS,C2019486,A,80,Chevrolet,Trailblazer,"[""SUV""]",16
11111287,COCOS,7A4PT21016V179640,11111287,11116,30,4/10/2023,10:50 AM,33374,4/15/2023,3:05 AM,1,33821,2.3,550,COCOS,L2022179,C,80,Lexus,LS,"[""Sedan""]",14
11111288,COCOS,2Y9TW23288D826707,11111288,11117,30,3/28/2023,6:34 PM,17987,3/30/2023,1:01 PM,1,18434,3.08,200,COCOS,M2018428,A,70,Mercedes-Benz,Mercedes-EQ EQS,"[""Sedan""]",14
11111289,COCOS,6E8EF47476C154471,11111289,11118,0,8/10/2022,6:47 PM,6875,8/15/2022,4:49 PM,1,7322,2.45,350,COCOS,D2019370,C,70,Dodge,Durango,"[""SUV""]",16
11111290,COCOS,3L2LX29420D942072,11111290,11119,0,1/5/2023,8:31 AM,22701,1/13/2023,12:04 AM,1,23148,3.3,640,COCOS,N2018726,A,80,Nissan,LEAF,"[""Hatchback""]",14
11111291,COCOS,4T1YZ88222G936862,11111291,11120,0,7/31/2022,3:08 PM,7684,8/8/2022,4:52 AM,1,8131,3.08,400,COCOS,M2021438,A,50,Mitsubishi,Mirage G4,"[""Sedan""]",14
11111292,COCOS,2T9JT69907N137866,11111292,11116,0,12/20/2022,9:14 AM,26929,12/28/2022,8:53 AM,1,27376,2.3,560,COCOS,N2021670,A,70,Nissan,Sentra,"[""Sedan""]",14
11111293,COCOS,6R9KE34207L738395,11111293,11117,0,10/21/2022,10:10 AM,26649,10/25/2022,10:34 AM,1,27096,2.3,320,COCOS,M2019957,A,80,MINI,Hardtop 4 Door,"[""Hatchback""]",14
11111294,COCOS,4M8JS31462J640102,11111294,11118,0,3/10/2023,6:35 PM,24895,3/11/2023,8:49 AM,1,25342,3.3,80,COCOS,B2021941,A,80,Buick,Envision,"[""SUV""]",16
11111295,COCOS,7Y3UX79190V181772,11111295,11119,30,5/7/2023,1:32 PM,17803,5/13/2023,8:13 AM,1,18250,3.3,660,COCOS,B2019370,A,80,Buick,Encore,"[""SUV""]",16
11111296,COCOS,4A8UK47483V153438,11111296,11120,0,12/31/2022,4:03 PM,23173,1/4/2023,3:10 AM,1,23620,3.08,320,COCOS,P2020469,A,80,Polestar,2,"[""Hatchback""]",14
11111297,COCOS,1Z5NL27868M179731,11111297,11116,30,5/3/2023,12:20 PM,37748,5/4/2023,3:07 PM,1,38195,3.08,110,COCOS,P2020469,A,80,Polestar,2,"[""Hatchback""]",14
11111298,COCOS,8V9WF27987P971517,11111298,11117,30,11/24/2022,7:13 PM,9778,12/2/2022,1:04 PM,1,10225,3.3,880,COCOS,B2018496,R,80,BMW,iX,"[""SUV""]",16
11111299,COCOS,8V1XM21347H438880,11111299,11118,0,11/5/2022,10:03 AM,28835,11/10/2022,9:36 PM,1,29282,2.45,350,COCOS,L2021685,C,70,Lexus,RX,"[""SUV""]",16
11111300,COCOS,1E5SN21457T825906,11111300,11119,30,10/20/2022,6:43 PM,38092,10/24/2022,1:12 AM,1,38539,2.3,320,COCOS,B2017900,C,50,BMW,X7,"[""SUV""]",16
11111301,COCOS,9R9SS30330Z840153,11111301,11120,30,3/10/2023,3:47 PM,39423,3/15/2023,5:48 PM,1,39870,2.45,350,COCOS,D2021704,R,40,Dodge,Charger,"[""Sedan""]",14
11111302,COCOS,5A1TF65404F338863,11111302,11116,30,8/17/2022,10:24 AM,27090,8/19/2022,5:27 AM,1,27537,2.3,180,COCOS,S2021374,R,60,Subaru,Forester,"[""SUV""]",16
11111303,COCOS,4H4GW93909S543762,11111303,11117,0,9/19/2022,1:36 PM,30933,9/21/2022,4:18 PM,1,31380,3.08,80,COCOS,T2020665,A,40,Toyota,Corolla Hybrid,"[""Sedan""]",14
11111304,COCOS,8N5YD95946L847229,11111304,11118,30,5/24/2023,5:30 PM,39313,5/26/2023,8:06 AM,1,39760,2.3,180,COCOS,T2022612,A,60,Toyota,Corolla Cross Hybrid,"[""SUV""]",16
11111305,COCOS,4F5HJ86781L366332,11111305,11119,30,7/20/2022,1:35 PM,24061,7/25/2022,2:52 PM,1,24508,2.3,350,COCOS,G2018210,A,40,GMC,Sierra 1500 Crew Cab,"[""Pickup""]",22
11111306,COCOS,6B4EW52298L230661,11111306,11120,0,1/21/2023,10:49 AM,17061,1/24/2023,2:23 AM,1,17508,3.08,120,COCOS,H2020573,U,40,Honda,Odyssey,"[""Van/Minivan""]",20
11111307,COCOS,1M2UZ70373E742661,11111307,11116,30,5/4/2023,6:59 PM,39124,5/6/2023,11:44 PM,1,39571,2.45,140,COCOS,T2018288,R,40,Toyota,Corolla Cross,"[""SUV""]",16
11111308,COCOS,2J8FG28307Y575735,11111308,11117,30,4/16/2023,10:24 AM,11526,4/19/2023,2:30 PM,1,11973,2.45,300,COCOS,A2020943,C,70,Audi,Q5,"[""SUV""]",16
11111309,COCOS,9S3EA62732N767792,11111309,11118,0,12/8/2022,8:46 AM,29376,12/16/2022,10:24 AM,1,29823,2.45,400,COCOS,H2022308,A,50,Hyundai,Ioniq Hybrid,"[""Hatchback""]",14
11111310,COCOS,1E9WJ46668S950059,11111310,11119,0,5/5/2023,6:15 PM,38440,5/12/2023,12:50 PM,1,38887,3.3,420,COCOS,C2022399,C,60,Chevrolet,Spark,"[""Hatchback""]",14
11111311,COCOS,2W3GJ67416L155338,11111311,11120,30,5/4/2023,2:32 PM,38813,5/12/2023,7:49 PM,1,39260,2.45,640,COCOS,M2022156,A,50,Mitsubishi,Outlander Sport,"[""SUV""]",16
11111312,COCOS,9Z4XW27612M408271,11111312,11116,0,2/25/2023,10:32 AM,37059,3/2/2023,12:19 PM,1,37506,3.3,250,COCOS,M2022156,A,50,Mitsubishi,Outlander Sport,"[""SUV""]",16
11111313,COCOS,2U6NT83165W400605,11111313,11117,0,12/16/2022,7:28 PM,17996,12/20/2022,6:28 PM,1,18443,2.45,160,COCOS,L2021216,A,40,Lincoln,Navigator L,"[""SUV""]",16
11111314,COCOS,8M9DZ17730C468208,11111314,11118,30,6/16/2022,2:29 PM,24834,6/22/2022,1:26 AM,1,25281,2.3,540,COCOS,M2019528,A,60,Mitsubishi,Mirage,"[""Hatchback""]",14
11111315,COCOS,9T5CK33368J514937,11111315,11119,30,9/17/2022,6:32 PM,18824,9/19/2022,4:51 PM,1,19271,2.3,140,COCOS,A2020996,C,40,Acura,TLX,"[""Sedan""]",14
11111316,COCOS,2F2UY11899Z567710,11111316,11120,0,5/14/2023,2:50 PM,8755,5/16/2023,2:14 PM,1,9202,2.3,120,COCOS,N2020743,C,60,Nissan,Kicks,"[""SUV""]",16
11111317,COCOS,8M2ND33442Y271830,11111317,11116,30,2/3/2023,2:08 PM,33012,2/8/2023,4:11 PM,1,33459,3.3,400,COCOS,P2019126,A,50,Porsche,Cayenne,"[""SUV""]",16
11111318,COCOS,6M8EW35443Y469956,11111318,11117,0,6/17/2022,12:11 PM,15590,6/18/2022,6:16 PM,1,16037,2.3,50,COCOS,G2019937,C,50,GMC,Savana 2500 Cargo,"[""Van/Minivan""]",20
11111319,COCOS,7E7YJ14183B949197,11111319,11118,0,10/2/2022,2:14 PM,18017,10/3/2022,4:09 PM,1,18464,2.45,80,COCOS,F2020429,A,80,Ford,F150 Lightning,"[""Pickup""]",22
11111320,COCOS,7M5EY56270C506472,11111320,11119,0,5/17/2023,8:27 AM,17963,5/21/2023,9:49 PM,1,18410,2.3,160,COCOS,S2019735,C,40,Subaru,Outback,"[""SUV""]",16
11111321,COCOS,6U6NE44050J996784,11111321,11120,30,11/20/2022,1:56 PM,36119,11/27/2022,1:26 AM,1,36566,2.45,630,COCOS,M2019528,S,60,Mitsubishi,Mirage,"[""Hatchback""]",14
11111322,COCOS,6V5BF80113A579809,11111322,11120,0,7/5/2022,3:50 PM,25522,7/10/2022,2:47 AM,1,25969,3.08,200,COCOS,M2021922,A,40,MINI,Clubman,"[""Hatchback""]",14
11111323,CODEN,9V8ST52474Z168736,11111323,11111,30,3/17/2023,4:30 PM,25113,3/24/2023,4:23 AM,1,25560,3.3,770,CODEN,A2022709,R,80,Alfa Romeo,Tonale,"[""SUV""]",16
11111324,CODEN,7X4HG20321T869498,11111324,11112,0,6/20/2022,6:49 PM,17421,6/24/2022,4:29 AM,1,17868,3.3,320,CODEN,G2021192,C,80,GMC,Savana 3500 Passenger,"[""Van/Minivan""]",20
11111325,CODEN,6L9RD50890F208746,11111325,11113,30,4/8/2023,12:09 PM,22132,4/13/2023,2:04 AM,1,22579,3.3,550,CODEN,T2021975,R,80,Toyota,Highlander,"[""SUV""]",16
11111326,CODEN,7N8SP29934K350768,11111326,11114,0,2/1/2023,2:12 PM,15653,2/8/2023,5:57 AM,1,16100,3.08,560,CODEN,T2018288,A,80,Toyota,Corolla Cross,"[""SUV""]",16
11111327,CODEN,7N3BM80997W669303,11111327,11115,0,3/8/2023,1:56 PM,12051,3/11/2023,7:07 PM,1,12498,3.3,240,CODEN,F2021789,R,80,Ford,F150 SuperCrew Cab,"[""Pickup""]",22
11111328,CODEN,2L8JB24158S741472,11111328,11111,30,8/16/2022,7:15 PM,36784,8/20/2022,10:03 AM,1,37231,3.08,320,CODEN,S2019735,C,50,Subaru,Outback,"[""SUV""]",16
11111329,CODEN,4H3GH48919M577559,11111329,11112,0,8/1/2022,4:28 PM,14853,8/3/2022,12:53 PM,1,15300,3.3,140,CODEN,H2022308,A,70,Hyundai,Ioniq Hybrid,"[""Hatchback""]",14
11111330,CODEN,5B3MD60122B149235,11111330,11113,0,9/20/2022,12:55 PM,36060,9/23/2022,6:11 PM,1,36507,2.45,240,CODEN,M2018996,A,80,MAZDA,CX-90,"[""SUV""]",16
11111331,CODEN,1V8GS24640D912642,11111331,11114,30,3/16/2023,2:06 PM,34749,3/24/2023,6:54 PM,1,35196,3.08,560,CODEN,T2021150,A,40,Tesla,Model Y,"[""SUV""]",16
11111332,CODEN,6C6KB27625U988096,11111332,11115,30,5/19/2023,3:24 PM,8993,5/26/2023,3:18 PM,1,9440,3.3,630,CODEN,P2017297,A,60,Polestar,3,"[""SUV""]",16
11111333,CODEN,4C9YA80862B721365,11111333,11111,30,4/18/2023,10:11 AM,26004,4/19/2023,6:49 AM,1,26451,3.08,110,CODEN,G2018210,A,80,GMC,Sierra 1500 Crew Cab,"[""Pickup""]",22
11111334,CODEN,3E5UF79678B191203,11111334,11112,30,3/26/2023,10:44 AM,24535,3/27/2023,7:57 AM,1,24982,3.3,100,CODEN,H2020573,R,70,Honda,Odyssey,"[""Van/Minivan""]",20
11111335,CODEN,2J3VS61187W555792,11111335,11113,30,9/16/2022,12:44 PM,7564,9/17/2022,11:45 AM,1,8011,2.45,90,CODEN,C2020680,R,60,Chevrolet,Blazer,"[""SUV""]",16
11111336,CODEN,1K3SE46807P156394,11111336,11114,0,1/31/2023,6:30 PM,16899,2/3/2023,1:43 PM,1,17346,3.3,120,CODEN,N2018710,A,40,Nissan,Murano,"[""SUV""]",16
11111337,CODEN,7P8CU17141C432933,11111337,11115,0,9/22/2022,9:33 AM,36405,9/30/2022,5:05 AM,1,36852,3.08,560,CODEN,C2019437,C,70,Chevrolet,Suburban,"[""SUV""]",16
11111338,CODEN,6U7AZ92725V793057,11111338,11111,0,3/11/2023,4:59 PM,11514,3/19/2023,6:19 AM,1,11961,2.45,320,CODEN,V2021411,R,40,Volkswagen,Golf R,"[""Hatchback""]",14
11111339,CODEN,2C2DT82324N302396,11111339,11112,0,8/28/2022,1:14 PM,20763,9/3/2022,11:32 PM,1,21210,2.45,480,CODEN,M2017170,A,80,Mercedes-Benz,GLS,"[""SUV""]",16
11111340,CODEN,5H5MY61000B684625,11111340,11113,30,8/19/2022,7:31 PM,10915,8/21/2022,7:45 AM,1,11362,2.3,140,CODEN,C2020759,R,40,Cadillac,Escalade,"[""SUV""]",16
11111341,CODEN,5G4HG88036T946176,11111341,11114,30,8/4/2022,11:17 AM,5840,8/5/2022,9:19 PM,1,6287,3.3,80,CODEN,B2017947,C,50,BMW,X6,"[""SUV""]",16
11111342,CODEN,2V8RG11478A621434,11111342,11115,30,10/18/2022,9:01 AM,12755,10/19/2022,10:59 AM,1,13202,3.3,80,CODEN,M2020578,C,50,Mercedes-Benz,GLC,"[""SUV""]",16
11111343,CODEN,4Y5AJ74726Z925837,11111343,11111,30,8/5/2022,5:09 PM,26688,8/10/2022,6:18 AM,1,27135,3.08,400,CODEN,T2018909,A,50,Tesla,Model X,"[""SUV""]",16
11111344,CODEN,1B8VJ29055A882296,11111344,11112,30,3/15/2023,10:29 AM,16752,3/17/2023,9:43 AM,1,17199,3.3,200,CODEN,F2021855,A,70,Ford,Ranger SuperCab,"[""Pickup""]",22
11111345,CODEN,5P7UA33965K326077,11111345,11113,0,5/4/2023,7:34 PM,23304,5/12/2023,1:02 PM,1,23751,2.45,560,CODEN,A2020943,R,70,Audi,Q5,"[""SUV""]",16
11111346,CODEN,5B8SG34826B512598,11111346,11114,0,8/15/2022,3:19 PM,37301,8/16/2022,11:45 AM,1,37748,2.45,80,CODEN,T2018881,R,80,Toyota,Corolla Hatchback,"[""Hatchback""]",14
11111347,CODEN,1A8RU63018P138894,11111347,11115,0,9/18/2022,8:46 AM,5009,9/20/2022,11:47 PM,1,5456,3.3,140,CODEN,V2018416,A,70,Volvo,S90,"[""Sedan""]",14
11111348,CODEN,2K6YT31875H216877,11111348,11111,0,4/25/2023,1:01 PM,15612,4/27/2023,7:43 PM,1,16059,3.08,160,CODEN,B2020148,A,80,BMW,X4,"[""SUV""]",16
11111349,CODEN,4Z4LY56584U513697,11111349,11112,30,11/13/2022,9:23 AM,29746,11/19/2022,1:37 AM,1,30193,3.08,600,CODEN,A2020218,A,70,Audi,SQ7,"[""SUV""]",16
11111350,CODEN,3E4UX43386X818991,11111350,11113,30,1/1/2023,9:44 AM,32542,1/6/2023,6:27 AM,1,32989,2.3,500,CODEN,F2021689,A,70,Ford,Transit Connect Cargo Van,"[""Van/Minivan""]",20
11111351,CODEN,8W8SA22107B306751,11111351,11114,0,11/8/2022,5:42 PM,27548,11/9/2022,1:13 PM,1,27995,3.08,40,CODEN,N2018389,A,40,Nissan,Ariya,"[""SUV""]",16
11111352,CODEN,5L6EU36537A708427,11111352,11115,0,3/23/2023,5:07 PM,29885,3/25/2023,10:35 AM,1,30332,3.3,160,CODEN,T2019302,R,80,Toyota,Camry,"[""Sedan""]",14
11111353,CODEN,1N9NF25547V156082,11111353,11111,30,9/23/2022,6:05 PM,20443,10/1/2022,5:08 AM,1,20890,3.08,720,CODEN,G2019178,R,60,GMC,Sierra 1500 Double Cab,"[""Pickup""]",22
11111354,CODEN,9F4ZX24771X958004,11111354,11112,0,3/31/2023,8:38 AM,5756,4/1/2023,9:12 AM,1,6203,2.45,50,CODEN,A2020315,A,50,Audi,RS 7,"[""Sedan""]",14
11111355,CODEN,3V1EJ42361S127549,11111355,11113,0,7/4/2022,1:46 PM,29448,7/9/2022,2:02 PM,1,29895,3.08,250,CODEN,A2018810,A,50,Audi,Q7,"[""SUV""]",16
11111356,CODEN,4H9KL15884M837917,11111356,11114,0,4/11/2023,1:38 PM,18498,4/14/2023,8:24 AM,1,18945,3.08,180,CODEN,A2019951,C,60,Audi,A5,"{""Sedan""]",14
11111357,CODEN,1Z3DT32243W540526,11111357,11115,0,2/8/2023,1:18 PM,39673,2/10/2023,1:11 PM,1,40120,2.45,120,CODEN,L2018358,A,60,Lincoln,Corsair,"[""SUV""]",16
11111358,CODEN,4K9ZB68840M706025,11111358,11111,0,8/12/2022,12:01 PM,18527,8/18/2022,8:07 PM,1,18974,3.08,420,CODEN,A2020469,R,70,Audi,Q8,"[""SUV""]",16
11111359,CODEN,4H9KL15884M837917,11111359,11112,0,10/2/2022,8:37 AM,38007,10/10/2022,10:23 PM,1,38454,2.45,480,CODEN,A2019951,C,60,Audi,A5,"{""Sedan""]",14
11111360,CODEN,8U4CD26972Y516187,11111360,11113,30,10/23/2022,9:08 AM,6093,10/27/2022,10:49 PM,1,6540,3.08,280,CODEN,A2017420,A,40,Audi,RS Q8,"[""SUV""]",16
11111361,CODEN,8A6MH51571Z486454,11111361,11114,0,8/30/2022,11:02 AM,19626,8/31/2022,10:53 AM,1,20073,2.3,70,CODEN,L2019302,C,70,Land Rover,Defender 130,"[""SUV""]",16
11111362,CODEN,2Y4EW39051S614017,11111362,11115,30,11/3/2022,2:01 PM,8112,11/7/2022,10:01 AM,1,8559,3.3,320,CODEN,A2018755,S,50,Audi,SQ8,"[""SUV""]",16
11111363,CODEN,5U3BS19469K709009,11111363,11114,30,1/29/2023,3:27 PM,9942,2/3/2023,2:59 AM,1,10389,2.3,500,CODEN,C2018180,A,70,Chevrolet,Trax,"[""SUV""]",16
11111364,CODEN,8D3LM23903J125196,11111364,11115,0,4/24/2023,12:58 PM,24879,4/27/2023,9:26 AM,1,25326,2.3,120,CODEN,B2021349,R,40,BMW,X1,"[""SUV""]",16
11111365,KSTOP,4F1FY64781S850512,11111365,11127,30,9/10/2022,8:11 AM,23579,9/18/2022,8:51 AM,1,24026,3.3,720,KSTOP,A2020255,C,60,Audi,e-tron,"[""SUV""]",16
11111366,KSTOP,5W4DS63200Z367554,11111366,11128,30,8/18/2022,7:14 PM,10457,8/20/2022,11:23 PM,1,10904,2.45,180,KSTOP,A2020909,R,60,Audi,A6,"[""Sedan""]",14
11111367,KSTOP,4N4GT44029U252103,11111367,11129,0,1/30/2023,8:46 AM,37479,2/3/2023,1:28 AM,1,37926,2.45,280,KSTOP,A2022143,S,70,Audi,A3,"[""Sedan""]",14
11111368,KSTOP,4B9BX16940J679253,11111368,11130,30,2/11/2023,3:04 PM,23937,2/18/2023,9:59 PM,1,24384,2.3,700,KSTOP,T2022970,A,70,Toyota,C-HR,"[""SUV""]",16
11111369,KSTOP,3K1EB75289D293974,11111369,11126,0,10/16/2022,1:47 PM,20014,10/21/2022,7:34 PM,1,20461,2.3,200,KSTOP,T2022970,A,40,Toyota,C-HR,"[""SUV""]",16
11111370,KSTOP,8P9ZU63568V552659,11111370,11127,30,5/3/2023,5:43 PM,20319,5/4/2023,7:15 PM,1,20766,2.45,100,KSTOP,T2020133,A,70,Toyota,Highlander Hybrid,"[""SUV""]",16
11111371,KSTOP,8X1GA53880N424000,11111371,11128,0,8/7/2022,10:46 AM,30137,8/10/2022,5:21 AM,1,30584,3.08,120,KSTOP,A2018289,R,40,Audi,RS e-tron GT,"[""Sedan""]",14
11111372,KSTOP,7W2ET58244U985213,11111372,11129,0,8/24/2022,12:30 PM,9393,8/31/2022,6:15 PM,1,9840,2.45,560,KSTOP,C2022988,A,80,Chevrolet,Silverado 2500 HD Regular Cab,"[""Pickup""]",22
11111373,KSTOP,9R4DK69884V121695,11111373,11130,0,1/9/2023,4:09 PM,18746,1/17/2023,12:20 AM,1,19193,2.3,560,KSTOP,N2018201,A,70,Nissan,Armada,"[""SUV""]",16
11111374,KSTOP,9B9WV31907U932725,11111374,11126,30,4/3/2023,11:25 AM,8187,4/8/2023,7:08 AM,1,8634,3.3,450,KSTOP,F2021159,A,60,Ford,Maverick,"[""Pickup""]",22
11111375,KSTOP,7Y8US81689R586577,11111375,11127,0,8/10/2022,2:36 PM,31514,8/11/2022,12:44 AM,1,31961,3.3,40,KSTOP,P2020287,R,40,Porsche,Macan,"[""SUV""]",16
11111376,KSTOP,2U7MR68770T901660,11111376,11128,30,10/31/2022,4:46 PM,29549,11/8/2022,6:50 PM,1,29996,3.3,720,KSTOP,R2020584,C,60,Ram,ProMaster Cargo Van,"[""Van/Minivan""]",20
11111377,KSTOP,8M2EN59209C792499,11111377,11129,0,1/19/2023,8:15 AM,31472,1/25/2023,3:31 PM,1,31919,3.3,300,KSTOP,M2019433,A,50,Mercedes-Benz,GLE,"[""SUV""]",16
11111378,KSTOP,2D7WS34270W642384,11111378,11130,0,2/8/2023,7:20 PM,27150,2/12/2023,9:55 PM,1,27597,2.3,240,KSTOP,H2020827,A,60,Honda,Accord,"[""Sedan""]",14
11111379,KSTOP,5W7LH56618F571098,11111379,11126,30,2/15/2023,11:44 AM,39445,2/21/2023,1:25 AM,1,39892,3.08,420,KSTOP,A2021615,A,40,Acura,RDX,"[""SUV""]",16
11111380,KSTOP,5L8PW48196T977496,11111380,11127,30,8/6/2022,11:29 AM,10331,8/11/2022,10:03 AM,1,10778,3.08,500,KSTOP,G2018856,C,70,GMC,Savana 2500 Passenger,"[""Van/Minivan""]",20
11111381,KSTOP,4T9JY13111P258475,11111381,11128,0,2/19/2023,7:21 PM,24418,2/23/2023,4:58 PM,1,24865,2.45,200,KSTOP,N2018478,A,50,Nissan,Rogue Sport,"[""SUV""]",16
11111382,KSTOP,4J6LD31046E352099,11111382,11129,30,1/20/2023,11:16 AM,25272,1/24/2023,3:05 AM,1,25719,3.3,360,KSTOP,A2018237,A,60,Audi,Q3,"[""SUV""]",16
11111383,KSTOP,9X7JT92174Y242613,11111383,11130,0,3/29/2023,7:30 PM,31170,4/3/2023,1:01 PM,1,31617,3.3,300,KSTOP,L2021562,A,60,Lincoln,Aviator,"[""SUV""]",16
11111384,KSTOP,3U2ED45032W748070,11111384,11126,0,2/18/2023,12:01 PM,37248,2/25/2023,4:49 PM,1,37695,2.45,560,KSTOP,L2018775,R,80,Land Rover,Range Rover Velar,"[""SUV""]",16
11111385,KSTOP,4K6MW75988V213134,11111385,11127,30,7/17/2022,5:08 PM,36465,7/24/2022,12:04 AM,1,36912,3.08,700,KSTOP,L2021985,C,70,Land Rover,Range Rover Sport,"[""SUV""]",16
11111386,KSTOP,6K7SZ91479Y634650,11111386,11128,0,5/29/2022,6:36 PM,38238,5/30/2022,4:52 AM,1,38685,2.3,40,KSTOP,M2021681,A,40,MINI,Hardtop 2 Door,"[""Hatchback""]",14
11111387,KSTOP,1F8HT53313C319612,11111387,11129,0,5/20/2023,5:13 PM,12986,5/24/2023,8:53 AM,1,13433,3.3,200,KSTOP,S2020758,C,50,Subaru,WRX,"[""Sedan""]",14
11111388,KSTOP,3B5CN51620J448813,11111388,11130,30,6/16/2022,9:58 AM,21584,6/19/2022,10:34 AM,1,22031,3.3,210,KSTOP,A2019256,C,40,Acura,Integra,"[""Hatchback""]",14
11111389,KSTOP,7Y4XS28668M727510,11111389,11126,0,8/31/2022,2:16 PM,9636,9/3/2022,8:49 AM,1,10083,3.3,210,KSTOP,B2018978,A,70,BMW,5 Series,"[""Sedan""]",14
11111390,KSTOP,1J3KM35643W519000,11111390,11127,30,9/22/2022,12:05 PM,35786,9/23/2022,8:13 AM,1,36233,2.3,90,KSTOP,M2017196,A,60,Mercedes-Benz,Mercedes-EQ EQS SUV,"[""SUV""]",16
11111391,KSTOP,9U9LV75039K337654,11111391,11128,30,6/8/2022,2:58 PM,22764,6/14/2022,3:10 AM,1,23211,3.08,420,KSTOP,M2017170,R,40,Mercedes-Benz,GLS,"[""SUV""]",16
11111392,KSTOP,9S9EN59557B196206,11111392,11129,0,7/19/2022,10:48 AM,30777,7/23/2022,3:07 PM,1,31224,2.45,280,KSTOP,C2022399,R,70,Chevrolet,Spark,"[""Hatchback""]",14
11111393,KSTOP,9K9JT51390T294002,11111393,11130,30,6/26/2022,10:49 AM,24792,7/2/2022,1:04 PM,1,25239,3.3,660,KSTOP,A2018755,R,80,Audi,SQ8,"[""SUV""]",16
11111394,KSTOP,1C9PZ77934P493549,11111394,11126,30,2/15/2023,9:02 AM,21887,2/22/2023,9:36 PM,1,22334,3.3,770,KSTOP,D2019370,A,80,Dodge,Durango,"[""SUV""]",16
11111395,KSTOP,3G9ZA18850J668190,11111395,11127,0,7/5/2022,11:45 AM,20906,7/8/2022,1:12 AM,1,21353,2.3,150,KSTOP,M2018428,A,50,Mercedes-Benz,Mercedes-EQ EQS,"[""Sedan""]",14
11111396,KSTOP,2Y2YC37585W497587,11111396,11128,30,11/3/2022,8:39 AM,26558,11/8/2022,5:48 PM,1,27005,2.3,400,KSTOP,A2018810,A,50,Audi,Q7,"[""SUV""]",16
11111397,KSTOP,5A5PY89431P738516,11111397,11129,30,7/5/2022,10:22 AM,17057,7/8/2022,5:27 AM,1,17504,2.45,300,KSTOP,N2021670,R,70,Nissan,Sentra,"[""Sedan""]",14
11111398,KSTOP,8T4PD47519W627521,11111398,11130,30,1/8/2023,6:08 PM,12177,1/9/2023,4:18 PM,1,12624,3.3,80,KSTOP,S2021374,A,50,Subaru,Forester,"[""SUV""]",16
11111399,KSWIC,3V7XN44442B667940,11111399,11125,0,7/5/2022,7:48 PM,36961,7/10/2022,8:06 AM,1,37408,2.45,350,KSWIC,A2022942,A,70,Audi,SQ5,"[""SUV""]",16
11111400,KSWIC,7J9TW89037F435375,11111400,11121,30,2/25/2023,8:16 AM,38435,3/5/2023,2:52 PM,1,38882,3.3,560,KSWIC,G2022118,A,40,Genesis,G70,"[""Sedan""]",14
11111401,KSWIC,3X6CB90780W572008,11111401,11122,30,12/26/2022,10:55 AM,17099,12/29/2022,2:23 AM,1,17546,2.3,300,KSWIC,A2020660,R,70,Audi,e-tron S,"[""SUV""]",16
11111402,KSWIC,8W2BS75119X186611,11111402,11123,30,12/13/2022,6:19 PM,12711,12/15/2022,11:44 PM,1,13158,3.3,220,KSWIC,A2020339,C,80,Acura,MDX,"[""SUV""]",16
11111403,KSWIC,8K7WE65160X132588,11111403,11124,0,5/5/2023,11:48 AM,37834,5/10/2023,2:30 PM,1,38281,2.45,400,KSWIC,A2017936,A,80,Audi,A4,"[""Sedan""]",14
11111404,KSWIC,1A4PG72965X497172,11111404,11125,30,3/6/2023,9:46 AM,35833,3/12/2023,10:24 AM,1,36280,3.3,600,KSWIC,V2018416,A,70,Volvo,S90,"[""Sedan""]",14
11111405,KSWIC,2C3ZH71217X997979,11111405,11121,30,8/5/2022,6:25 PM,27334,8/9/2022,12:50 PM,1,27781,2.3,280,KSWIC,A2018820,A,40,Audi,SQ5 Sportback,"[""SUV""]",16
11111406,KSWIC,3A7FZ86445T444395,11111406,11122,30,1/17/2023,12:38 PM,10502,1/19/2023,7:49 PM,1,10949,2.3,200,KSWIC,F2021855,C,70,Ford,Ranger SuperCab,"[""Pickup""]",22
11111407,KSWIC,1W1PL76628W125024,11111407,11123,0,6/9/2022,5:21 PM,12745,6/14/2022,12:19 PM,1,13192,3.08,350,KSWIC,C2018522,A,70,Chevrolet,Bolt EV,"[""Hatchback""]",14
11111408,KSWIC,3X4UU56608G918622,11111408,11124,30,10/8/2022,12:43 PM,26201,10/13/2022,6:28 PM,1,26648,2.45,400,KSWIC,K2021424,A,50,Kia,Forte,"[""Sedan""]",14
11111409,KSWIC,7G7KA32494T691353,11111409,11125,0,10/18/2022,4:36 PM,8651,10/22/2022,1:26 AM,1,9098,3.3,280,KSWIC,C2021166,A,70,Chevrolet,Bolt EUV,"[""Hatchback""]",14
11111410,KSWIC,4A1XV88006L775206,11111410,11121,30,7/25/2022,9:23 AM,28164,7/27/2022,4:51 PM,1,28611,3.08,160,KSWIC,G2019937,A,50,GMC,Savana 2500 Cargo,"[""Van/Minivan""]",20
11111411,KSWIC,7K4AK79253E230312,11111411,11122,0,5/4/2023,4:23 PM,30331,5/12/2023,2:14 PM,1,30778,2.3,480,KSWIC,T2018112,C,60,Toyota,4Runner,"[""SUV""]",16
11111412,KSWIC,9H5BK93450D873750,11111412,11123,30,3/29/2023,7:57 PM,11156,3/31/2023,4:11 PM,1,11603,3.08,220,KSWIC,T2018112,A,80,Toyota,4Runner,"[""SUV""]",16
11111413,KSWIC,2C5BB50984W617909,11111413,11124,30,9/20/2022,10:36 AM,31419,9/21/2022,6:16 PM,1,31866,2.45,100,KSWIC,M2019528,A,70,Mitsubishi,Mirage,"[""Hatchback""]",14
11111414,KSWIC,6P4CB23611N397380,11111414,11125,30,1/4/2023,1:21 PM,30535,1/9/2023,4:09 PM,1,30982,3.08,450,KSWIC,B2021349,C,60,BMW,X1,"[""SUV""]",16
11111415,KSWIC,1H7PY20312B194088,11111415,11121,30,10/12/2022,4:12 PM,37888,10/15/2022,9:49 PM,1,38335,2.3,270,KSWIC,C2020431,A,60,Chrysler,Pacifica Hybrid,"[""Van/Minivan""]",20
11111416,KSWIC,3P9DL49807P647831,11111416,11122,0,2/17/2023,12:55 PM,16671,2/21/2023,1:26 AM,1,17118,2.3,160,KSWIC,M2021922,R,40,MINI,Clubman,"[""Hatchback""]",14
11111417,KSWIC,3E7XU88007W462036,11111417,11123,30,6/17/2022,4:22 PM,34321,6/24/2022,2:47 AM,1,34768,3.3,560,KSWIC,M2019957,C,50,MINI,Hardtop 4 Door,"[""Hatchback""]",14
11111418,KSWIC,8Z2UC61587K822746,11111418,11124,0,11/16/2022,5:38 PM,17825,11/22/2022,4:23 AM,1,18272,3.3,360,KSWIC,C2018522,R,60,Chevrolet,Bolt EV,"[""Hatchback""]",14
11111419,KSWIC,1F2FN55551A890895,11111419,11125,30,9/7/2022,3:14 PM,37147,9/10/2022,4:29 AM,1,37594,3.3,330,KSWIC,T2020910,R,80,Tesla,Model 3,"[""Sedan""]",14
11111420,KSWIC,7F9NP30059N400993,11111420,11121,0,12/22/2022,11:32 AM,30977,12/27/2022,2:04 AM,1,31424,3.3,300,KSWIC,A2018754,R,60,Alfa Romeo,Stelvio,"[""SUV""]",16
11111421,KSWIC,8G3KV11784Y228217,11111421,11122,0,10/13/2022,10:04 AM,18682,10/18/2022,5:57 AM,1,19129,3.08,200,KSWIC,K2022223,C,40,Kia,Sportage,"[""SUV""]",16
11111422,KSWIC,5L5LW92076S861350,11111422,11123,30,12/22/2022,3:17 PM,5889,12/23/2022,7:07 PM,1,6336,3.08,70,KSWIC,J2018477,A,40,Jeep,Wrangler Unlimited,"[""SUV""]",16
11111423,KSWIC,6G9MS87716P169943,11111423,11124,0,8/23/2022,11:31 AM,33145,8/24/2022,10:03 AM,1,33592,3.08,60,KSWIC,K2018716,A,60,Kia,EV6,"[""SUV""]",16
11111424,KSWIC,5N4UE93134F810115,11111424,11125,0,12/2/2022,9:19 AM,20680,12/9/2022,12:53 PM,1,21127,3.08,560,KSWIC,C2020608,R,80,Cadillac,XT4,"[""SUV""]",16
11111425,KSWIC,8V3KY64987M514279,11111425,11121,30,3/8/2023,7:11 PM,37709,3/11/2023,6:11 PM,1,38156,2.45,240,KSWIC,B2018176,A,50,Buick,Encore GX,"[""SUV""]",16
11111426,KSWIC,1N1TH55504Y808053,11111426,11122,0,6/25/2022,5:00 PM,13084,7/1/2022,6:54 PM,1,13531,3.3,420,KSWIC,K2018493,C,70,Kia,Sportage Plug-in Hybrid,"[""SUV""]",16
11111427,KSWIC,7W7PC57345W394250,11111427,11123,0,2/28/2023,11:41 AM,19419,3/4/2023,3:18 PM,1,19866,2.3,160,KSWIC,B2017735,R,40,Buick,Enclave,"[""SUV""]",16
11111428,KSWIC,4N1LR85828P451251,11111428,11124,30,2/2/2023,3:06 PM,25744,2/3/2023,6:49 AM,1,26191,3.08,70,KSWIC,L2020953,C,40,Land Rover,Defender 90,"[""SUV""]",16
11111429,KSWIC,7F5RG51039E845845,11111429,11125,0,1/22/2023,5:15 PM,20315,1/30/2023,7:57 AM,1,20762,3.08,560,KSWIC,L2020658,C,70,Land Rover,Range Rover Evoque,"[""SUV""]",16
11111430,KSWIC,6G6GH96111H904259,11111430,11121,30,10/4/2022,11:45 AM,17072,10/8/2022,11:45 AM,1,17519,2.45,440,KSWIC,L2019508,R,80,Lexus,TX,"[""SUV""]",16
11111431,KSWIC,2Y8MW17430X590958,11111431,11122,30,12/11/2022,8:21 AM,5418,12/16/2022,1:43 PM,1,5865,3.3,500,KSWIC,M2019142,A,70,Mitsubishi,Eclipse Cross,"[""SUV""]",16
11111432,KSWIC,2F9TW21617B209428,11111432,11123,0,12/22/2022,6:24 PM,20264,12/24/2022,5:05 AM,1,20711,2.3,100,KSWIC,G2019223,A,50,GMC,Canyon Crew Cab,"[""Pickup""]",22
11111433,KSWIC,8D8AX69192F433349,11111433,11124,30,6/5/2022,1:49 PM,35011,6/10/2022,6:19 AM,1,35458,2.45,500,KSWIC,G2021192,R,70,GMC,Savana 3500 Passenger,"[""Van/Minivan""]",20
11111434,KSWIC,8H8DH13320C334096,11111434,11125,0,12/11/2022,6:55 PM,28145,12/17/2022,11:32 PM,1,28592,2.45,420,KSWIC,N2017191,A,70,Nissan,Rogue,"[""SUV""]",16
11111435,KSWIC,8W9JZ45532D600769,11111435,11121,30,7/16/2022,6:50 PM,13094,7/23/2022,7:45 AM,1,13541,3.08,770,KSWIC,H2021148,A,80,Hyundai,Tucson Plug-in Hybrid,"[""SUV""]",16
11111436,KSWIC,8Y8XL42473R469962,11111436,11122,0,5/27/2022,4:45 PM,27170,5/28/2022,9:19 PM,1,27617,3.08,80,KSWIC,J2019538,A,80,Jeep,Wrangler,"[""SUV""]",16
11111437,KSWIC,4N7EX61170E643504,11111437,11123,30,6/5/2022,8:14 AM,8963,6/12/2022,10:59 AM,1,9410,2.45,700,KSWIC,S2022799,A,70,Subaru,Solterra,"[""SUV""]",16
11111438,KSWIC,7V5XD51651H489957,11111438,11124,0,3/17/2023,5:01 PM,34376,3/24/2023,6:18 AM,1,34823,2.3,420,KSWIC,B2020569,C,60,BMW,M5,"[""Sedan""]",14
11111439,KSWIC,6R9TK88628B761044,11111439,11125,30,3/20/2023,12:38 PM,31173,3/26/2023,9:43 AM,1,31620,2.45,660,KSWIC,C2021405,A,80,Chevrolet,Malibu,"[""Sedan""]",14
11111440,KSWIC,5R3RN54092S657707,11111440,11121,0,5/31/2022,7:24 PM,21040,6/8/2022,1:02 PM,1,21487,3.08,640,KSWIC,T2020350,A,80,Toyota,bZ4X,"[""SUV""]",16
11111441,KSWIC,2A4KG74039A931416,11111441,11122,0,5/15/2023,1:14 PM,21661,5/21/2023,11:45 AM,1,22108,2.3,300,KSWIC,A2019256,C,50,Acura,Integra,"[""Hatchback""]",14
11111442,KSWIC,5T8EG43973U860629,11111442,11123,30,7/15/2022,3:29 PM,37739,7/18/2022,11:47 PM,1,38186,3.08,270,KSWIC,N2019478,R,60,Nissan,Maxima,"[""Sedan""]",14
11111443,KSWIC,2T2GK62606N624234,11111443,11124,30,6/20/2022,5:25 PM,8165,6/26/2022,7:43 PM,1,8612,2.45,540,KSWIC,N2019478,R,60,Nissan,Maxima,"[""Sedan""]",14
11111444,MOJFC,8H2LT56951A387804,11111444,11145,30,9/6/2022,3:38 PM,35552,9/7/2022,1:37 AM,1,35999,3.3,70,MOJFC,S2018607,A,40,Subaru,Ascent,"[""SUV""]",16
11111445,MOJFC,6E8SG57279V994290,11111445,11144,0,4/7/2023,9:35 AM,9605,4/14/2023,6:27 AM,1,10052,3.3,350,MOJFC,T2021999,R,50,Toyota,Prius,"[""Hatchback""]",14
11111446,MOJFC,2Z6NT99323F339261,11111446,11143,30,3/16/2023,4:58 PM,38878,3/22/2023,1:13 PM,1,39325,3.08,600,MOJFC,C2020198,R,70,Chevrolet,Traverse,"[""SUV""]",16
11111447,MOJFC,9B1UT37599P687550,11111447,11141,0,2/6/2023,10:14 AM,15079,2/13/2023,10:35 AM,1,15526,3.08,420,MOJFC,B2020822,A,60,BMW,7 Series,"[""Sedan""]",14
11111448,MOJFC,2C6BT26162C562354,11111448,11142,0,10/25/2022,10:46 AM,10701,10/27/2022,5:08 AM,1,11148,3.08,160,MOJFC,C2022228,A,80,Chevrolet,Silverado 3500 HD Regular Cab,"[""Pickup""]",22
11111449,MOJFC,7M4CY72078P582748,11111449,11145,30,6/14/2022,5:12 PM,27864,6/16/2022,9:12 AM,1,28311,2.3,160,MOJFC,M2020523,A,50,Mercedes-Benz,Mercedes-EQ EQB,"[""SUV""]",16
11111450,MOJFC,1C9XZ93319J633953,11111450,11144,0,10/23/2022,1:09 PM,5007,10/29/2022,2:02 PM,1,5454,3.3,420,MOJFC,N2021973,R,70,Nissan,Pathfinder,"[""SUV""]",16
11111451,MOJFC,8Y5BS65022E939204,11111451,11143,30,7/22/2022,7:24 PM,31588,7/25/2022,8:24 AM,1,32035,3.3,240,MOJFC,M2020999,A,50,Mercedes-Benz,E-Class,"[""Sedan""]",14
11111452,MOJFC,7W7LC15667Z725617,11111452,11141,30,8/13/2022,6:13 PM,12390,8/19/2022,1:11 PM,1,12837,3.3,600,MOJFC,C2020680,A,70,Chevrolet,Blazer,"[""SUV""]",16
11111453,MOJFC,3K8LK65264R880194,11111453,11142,0,1/6/2023,10:29 AM,8276,1/14/2023,8:07 PM,1,8723,3.08,640,MOJFC,H2021123,A,80,Hyundai,Elantra,"[""Sedan""]",14
11111454,MOJFC,7F6AC53196K466118,11111454,11145,0,3/24/2023,8:31 AM,34339,4/1/2023,10:23 PM,1,34786,3.3,640,MOJFC,I2017689,A,80,INFINITI,QX55,"[""SUV""]",16
11111455,MOJFC,1G7TY43794L925655,11111455,11144,0,2/17/2023,6:36 PM,35420,2/21/2023,10:49 PM,1,35867,3.08,320,MOJFC,J2019553,R,80,Jeep,Grand Wagoneer,"[""SUV""]",16
11111456,MOJFC,2D1NZ90724C613300,11111456,11143,30,10/14/2022,10:33 AM,38370,10/19/2022,10:53 AM,1,38817,2.3,450,MOJFC,K2021357,R,60,Kia,Sorento Hybrid,"[""SUV""]",16
11111457,MOJFC,4F2BF30854H676503,11111457,11141,0,12/12/2022,5:30 PM,18840,12/18/2022,10:01 AM,1,19287,3.3,420,MOJFC,H2021905,A,70,Honda,Insight,"[""Sedan""]",14
11111458,MOJFC,5P6YN49923M871964,11111458,11142,30,10/24/2022,6:21 PM,6651,10/30/2022,2:59 AM,1,7098,2.3,600,MOJFC,L2018944,A,70,Land Rover,Range Rover,"[""SUV""]",16
11111459,MOJFC,7Z8JH74653G540843,11111459,11145,30,11/23/2022,11:44 AM,31185,11/29/2022,9:26 AM,1,31632,2.45,540,MOJFC,L2018861,A,60,Lexus,UX,"[""SUV""]",16
11111460,MOJFC,1Z7ZD52432A543784,11111460,11144,30,8/14/2022,4:40 PM,23536,8/18/2022,8:51 AM,1,23983,2.45,440,MOJFC,T2018881,A,80,Toyota,Corolla Hatchback,"[""Hatchback""]",14
11111461,MOJFC,1G1EV39329T156260,11111461,11143,0,6/11/2022,2:55 PM,22375,6/15/2022,11:23 PM,1,22822,2.3,200,MOJFC,B2018435,C,50,BMW,X3,"[""SUV""]",16
11111462,MOJFC,4M4KB61494Y783866,11111462,11141,30,10/7/2022,6:14 PM,27152,10/9/2022,1:28 AM,1,27599,3.3,220,MOJFC,M2022989,A,80,Mercedes-Benz,GLA,"[""SUV""]",16
11111463,MOJFC,3B2XW67737Y313191,11111463,11142,0,4/19/2023,7:26 PM,9973,4/20/2023,9:59 PM,1,10420,2.45,40,MOJFC,C2017490,A,40,Chevrolet,Silverado 2500 HD Crew Cab,"[""Pickup""]",22
11111464,MOJFC,1Y8FJ92149Z677127,11111464,11145,0,2/27/2023,11:58 AM,21195,3/2/2023,7:34 PM,1,21642,3.3,150,MOJFC,A2020218,A,50,Audi,SQ7,"[""SUV""]",16
11111465,MOJFC,2G7WS88394F487462,11111465,11144,0,8/29/2022,12:48 PM,28683,9/3/2022,7:15 PM,1,29130,2.3,250,MOJFC,C2017490,A,50,Chevrolet,Silverado 2500 HD Crew Cab,"[""Pickup""]",22
11111466,MOJFC,1W3XB63490Y301283,11111466,11143,30,10/7/2022,8:46 AM,24268,10/10/2022,5:21 AM,1,24715,3.08,270,MOJFC,M2019790,R,60,Mercedes-Benz,GLB,"[""SUV""]",16
11111467,MOJFC,7W8ZF63871X334830,11111467,11141,0,11/25/2022,1:02 PM,20304,12/2/2022,6:15 PM,1,20751,3.08,280,MOJFC,V2022555,R,40,Volkswagen,Golf GTI,"[""Hatchback""]",14
11111468,MOJFC,9K7BK20276S340826,11111468,11142,0,2/13/2023,3:08 PM,35395,2/14/2023,12:20 AM,1,35842,2.45,70,MOJFC,A2019256,A,70,Acura,Integra,"[""Hatchback""]",14
11111469,MOJFC,9R6NP93898Z639214,11111469,11145,30,9/22/2022,1:42 PM,27004,9/27/2022,7:08 AM,1,27451,2.45,500,MOJFC,G2021192,A,70,GMC,Savana 3500 Passenger,"[""Van/Minivan""]",20
11111470,MOJFC,7G4DH90953K618958,11111470,11144,0,3/12/2023,4:07 PM,13158,3/17/2023,12:44 AM,1,13605,3.08,350,MOJFC,N2018201,C,70,Nissan,Armada,"[""SUV""]",16
11111471,MOJFC,7K9XX25683K660832,11111471,11143,30,12/24/2022,11:31 AM,39996,1/1/2023,6:50 PM,1,40443,3.08,560,MOJFC,M2021681,A,40,MINI,Hardtop 2 Door,"[""Hatchback""]",14
11111472,MOJFC,4D5TK22146S341282,11111472,11141,30,12/12/2022,11:34 AM,13749,12/16/2022,3:31 PM,1,14196,2.45,400,MOJFC,G2018856,R,70,GMC,Savana 2500 Passenger,"[""Van/Minivan""]",20
11111473,MOSPR,1Y3CJ74573R763658,11111473,11146,0,8/29/2022,12:48 PM,35718,9/5/2022,9:55 PM,1,36165,3.08,350,MOSPR,K2018833,A,50,Kia,K5,"[""Sedan""]",14
11111474,MOSPR,4E9VE76465S880168,11111474,11147,30,6/19/2022,3:52 PM,34271,6/23/2022,1:25 AM,1,34718,2.3,320,MOSPR,C2021866,A,50,Chevrolet,Equinox,"[""SUV""]",16
11111475,MOSPR,4T1EW17709L967152,11111475,11148,0,6/26/2022,5:26 PM,13443,6/29/2022,10:03 AM,1,13890,2.3,210,MOSPR,L2021956,C,70,Lexus,ES,"[""Sedan""]",14
11111476,MOSPR,7M5MK33341F623334,11111476,11149,0,12/29/2022,4:35 PM,29364,1/5/2023,4:58 PM,1,29811,3.08,350,MOSPR,N2020191,A,50,Nissan,Versa,"[""Sedan""]",14
11111477,MOSPR,5U4YD21357E118497,11111477,11150,0,1/25/2023,2:59 PM,19377,1/29/2023,3:05 AM,1,19824,3.08,240,MOSPR,S2019428,C,60,Subaru,Impreza,"[""Sedan""]",14
11111478,MOSPR,1X7BG37359A316191,11111478,11146,0,12/10/2022,9:23 AM,36966,12/18/2022,1:01 PM,1,37413,3.08,400,MOSPR,I2020721,C,50,INFINITI,QX50,"[""SUV""]",16
11111479,MOSPR,8Y4VU22582J128471,11111479,11147,0,4/1/2023,3:48 PM,32526,4/6/2023,4:49 PM,1,32973,2.45,350,MOSPR,I2021163,C,70,INFINITI,QX60,"[""SUV""]",16
11111480,MOSPR,3T7YV92584X378967,11111480,11148,0,1/22/2023,7:21 PM,12249,1/27/2023,12:04 AM,1,12696,3.3,200,MOSPR,V2021201,R,40,Volvo,XC40 Recharge,"[""SUV""]",16
11111481,MOSPR,3A4FY46540U455400,11111481,11149,30,9/3/2022,10:02 AM,30177,9/6/2022,4:52 AM,1,30624,3.08,330,MOSPR,V2019650,A,80,Volvo,C40 Recharge,"[""SUV""]",16
11111482,MOSPR,6F9JH45896S406962,11111482,11150,30,8/9/2022,10:31 AM,7486,8/14/2022,8:53 AM,1,7933,2.3,350,MOSPR,H2022308,A,40,Hyundai,Ioniq Hybrid,"[""Hatchback""]",14
11111483,MOSPR,3V9GS72571A823725,11111483,11146,30,2/15/2023,1:02 PM,22575,2/17/2023,10:34 AM,1,23022,2.45,140,MOSPR,B2020375,R,40,BMW,X2,"[""SUV""]",16
11111484,MOSPR,1A1RL75655W820606,11111484,11147,30,4/5/2023,3:38 PM,38425,4/12/2023,8:49 AM,1,38872,3.08,490,MOSPR,B2020375,R,40,BMW,X2,"[""SUV""]",16
11111485,MOSPR,2F3ML87489A958343,11111485,11148,30,12/1/2022,12:05 PM,37481,12/2/2022,8:13 AM,1,37928,3.3,80,MOSPR,B2018701,A,50,BMW,M8,"[""Hatchback""]",14
11111486,MOSPR,8B5NP93011A768630,11111486,11149,0,4/2/2023,6:13 PM,37795,4/7/2023,3:10 AM,1,38242,3.3,400,MOSPR,N2021973,A,80,Nissan,Pathfinder,"[""SUV""]",16
11111487,MOSPR,8X3EZ36829D340531,11111487,11150,0,10/5/2022,6:17 PM,11773,10/6/2022,3:07 PM,1,12220,2.3,40,MOSPR,N2017191,R,40,Nissan,Rogue,"[""SUV""]",16
11111488,MOSPR,6C7DF73731D179515,11111488,11146,30,2/27/2023,12:08 PM,8246,3/2/2023,1:04 PM,1,8693,2.3,330,MOSPR,N2017191,S,80,Nissan,Rogue,"[""SUV""]",16
11111489,MOSPR,8K3SW51609B541788,11111489,11147,0,3/30/2023,4:19 PM,16472,4/5/2023,9:36 PM,1,16919,2.3,360,MOSPR,S2022799,C,60,Subaru,Solterra,"[""SUV""]",16
11111490,MOSPR,3W6MW56272N271300,11111490,11148,0,8/19/2022,4:21 PM,10803,8/25/2022,1:12 AM,1,11250,2.45,480,MOSPR,S2022799,C,80,Subaru,Solterra,"[""SUV""]",16
11111491,MOSPR,3D8EH88335D507063,11111491,11149,0,8/4/2022,11:18 AM,7148,8/11/2022,5:48 PM,1,7595,2.45,560,MOSPR,T2020350,A,80,Toyota,bZ4X,"[""SUV""]",16
11111492,MOSPR,4E9HE47071J725793,11111492,11150,30,3/20/2023,12:53 PM,23909,3/21/2023,5:27 AM,1,24356,3.08,70,MOSPR,T2018909,A,40,Tesla,Model X,"[""SUV""]",16
11111493,MOSPR,5P5UP80378F641798,11111493,11146,0,5/20/2023,12:41 PM,30921,5/26/2023,4:18 PM,0.25,31368,2.45,401.4,MOSPR,B2020375,C,60,BMW,X2,"[""SUV""]",16
11111494,MOSPR,4V3NH67277W540880,11111494,11147,30,1/20/2023,6:54 PM,16810,1/25/2023,8:06 AM,0.25,17257,2.3,439.6,MOSPR,J2021955,A,50,Jaguar,E-PACE,"[""SUV""]",16
11111495,MOSPR,9V5ZJ45357U936744,11111495,11148,0,11/28/2022,6:31 PM,6151,12/2/2022,2:52 PM,0.75,6598,3.3,257.2,MOSPR,L2020445,A,60,Lincoln,Navigator,"[""SUV""]",16
11111496,MOSPR,7A9CG50643V289608,11111496,11149,30,6/25/2022,11:07 AM,7280,6/30/2022,2:23 AM,0.5,7727,3.08,532.64,MOSPR,J2021653,R,70,Jeep,Grand Cherokee,"[""SUV""]",16
11111497,MOSPR,2S9MK45946Y410486,11111497,11150,30,6/1/2022,12:05 PM,31933,6/9/2022,11:44 PM,0.5,32380,2.3,823.1,MOSPR,N2018726,A,70,Nissan,LEAF,"[""Hatchback""]",14
11111498,MOSPR,9S1TE70638M742731,11111498,11146,0,5/28/2022,7:13 PM,17736,5/30/2022,2:30 PM,1,18183,3.3,140,MOSPR,M2019957,A,70,MINI,Hardtop 4 Door,"[""Hatchback""]",14
11111499,MOSPR,7R2EY40933Y975787,11111499,11147,30,5/8/2023,6:40 PM,8599,5/14/2023,10:24 AM,1,9046,2.45,480,MOSPR,B2018496,A,50,BMW,iX,"[""SUV""]",16
11111500,MOSPR,3R7VC71704P856240,11111500,11148,30,12/25/2022,3:57 PM,9764,12/27/2022,12:50 PM,1,10211,2.3,180,MOSPR,M2019957,A,60,MINI,Hardtop 4 Door,"[""Hatchback""]",14
11111501,MOSPR,3J7PT35765V264618,11111501,11149,30,10/20/2022,11:50 AM,18194,10/26/2022,7:49 PM,1,18641,2.3,660,MOSPR,A2019951,A,80,Audi,A5,"{""Sedan""]",14
11111502,MOSPR,3J7PT35765V264618,11111502,11150,30,6/14/2022,10:10 AM,17621,6/21/2022,12:19 PM,1,18068,3.08,770,MOSPR,A2019951,A,80,Audi,A5,"{""Sedan""]",14
11111503,MOSPR,6G3RW89338J873363,11111503,11146,0,12/19/2022,10:30 AM,30563,12/21/2022,6:28 PM,1,31010,3.3,160,MOSPR,K2018810,R,80,Kia,Carnival,"[""Van/Minivan""]",20
11111504,MOSPR,3B7AH39402R827514,11111504,11147,0,10/25/2022,3:18 PM,37303,10/29/2022,1:26 AM,1,37750,3.08,160,MOSPR,A2017420,C,40,Audi,RS Q8,"[""SUV""]",16
11111505,MOSPR,9V7XZ42573V388608,11111505,11148,0,1/3/2023,10:54 AM,17352,1/9/2023,4:51 PM,1,17799,2.3,240,MOSPR,M2019528,A,40,Mitsubishi,Mirage,"[""Hatchback""]",14
11111506,MOSPR,6P9YV42568A361446,11111506,11149,30,6/30/2022,3:45 PM,28358,7/4/2022,2:14 PM,1,28805,3.3,440,MOSPR,P2017297,A,80,Polestar,3,"[""SUV""]",16
11111507,MOSPR,3P6KM80619V912592,11111507,11150,30,9/29/2022,8:29 AM,27092,10/4/2022,4:11 PM,1,27539,3.3,400,MOSPR,S2019993,A,50,Subaru,Crosstrek,"[""SUV""]",16
11111508,MOSPR,8A7WS77557U478729,11111508,11148,30,11/21/2022,4:36 PM,5537,11/27/2022,6:16 PM,1,5984,3.08,420,MOSPR,J2020220,A,40,Jaguar,F-PACE,"[""SUV""]",16
11111509,MOSPR,6C9MZ30274V609270,11111509,11149,30,9/15/2022,3:46 PM,28093,9/20/2022,4:09 PM,1,28540,2.3,450,MOSPR,N2018710,A,60,Nissan,Murano,"[""SUV""]",16
11111510,MOSPR,9C4EB71352P736192,11111510,11150,30,9/16/2022,7:37 PM,6525,9/22/2022,9:49 PM,1,6972,2.3,600,MOSPR,A2018114,R,70,Audi,S3,"[""Sedan""]",14
11111511,OKOKC,5N6VB28183L709281,11111511,11131,30,10/9/2022,8:32 AM,7065,10/15/2022,1:26 AM,1,7512,3.3,540,OKOKC,G2021192,A,60,GMC,Savana 3500 Passenger,"[""Van/Minivan""]",20
11111512,OKOKC,1F6NP56321P789983,11111512,11132,0,3/15/2023,5:05 PM,11588,3/16/2023,2:47 AM,1,12035,2.3,70,OKOKC,S2018607,A,70,Subaru,Ascent,"[""SUV""]",16
11111513,OKOKC,5F8UN16184X605268,11111513,11133,30,11/15/2022,3:37 PM,36793,11/21/2022,4:23 AM,1,37240,3.3,420,OKOKC,N2020743,A,40,Nissan,Kicks,"[""SUV""]",16
11111514,OKOKC,1J5LF12782W973443,11111514,11134,30,11/4/2022,11:59 AM,34004,11/12/2022,4:29 AM,1,34451,2.3,800,OKOKC,G2018856,R,70,GMC,Savana 2500 Passenger,"[""Van/Minivan""]",20
11111515,OKOKC,8C6GD88859Z180227,11111515,11135,0,4/1/2023,8:19 AM,12370,4/4/2023,2:04 AM,1,12817,2.3,150,OKOKC,B2019864,A,50,BMW,2 Series,"[""Sedan""]",14
11111516,OKOKC,8Y3LH22295C392493,11111516,11131,0,5/15/2023,11:36 AM,28671,5/23/2023,5:57 AM,1,29118,3.08,640,OKOKC,A2017290,A,80,Audi,S4,"[""Sedan""]",14
11111517,OKOKC,5P2AU96084B980115,11111517,11132,0,7/4/2022,1:30 PM,36989,7/9/2022,7:07 PM,1,37436,3.3,300,OKOKC,V2018304,A,60,Volkswagen,Jetta,"[""Sedan""]",14
11111518,OKOKC,4S9DS26123S821516,11111518,11133,0,11/10/2022,1:59 PM,19978,11/13/2022,10:03 AM,1,20425,2.3,210,OKOKC,C2021739,A,70,Cadillac,XT6,"[""SUV""]",16
11111519,OKOKC,9F1EB62595U592917,11111519,11134,0,11/23/2022,7:03 PM,16544,11/24/2022,12:53 PM,1,16991,3.08,60,OKOKC,J2018617,A,60,Jeep,Compass,"[""SUV""]",16
11111520,OKOKC,2F5AF64487Z390293,11111520,11135,30,9/26/2022,6:00 PM,15366,10/2/2022,6:11 PM,1,15813,2.45,540,OKOKC,F2019758,A,60,Ford,E-Transit 350 Cargo Van,"[""Van/Minivan""]",20
11111521,OKOKC,5F6RJ38677S756405,11111521,11131,30,2/2/2023,11:04 AM,11486,2/7/2023,6:54 PM,1,11933,2.3,350,OKOKC,M2019934,A,40,Mitsubishi,Outlander PHEV,"[""SUV""]",16
11111522,OKOKC,7E4CT77526D170465,11111522,11132,0,7/19/2022,11:31 AM,35593,7/27/2022,3:18 PM,1,36040,3.08,560,OKOKC,F2021689,A,70,Ford,Transit Connect Cargo Van,"[""Van/Minivan""]",20
11111523,OKOKC,7R3CZ44411W789255,11111523,11133,30,9/14/2022,3:23 PM,32231,9/22/2022,6:49 AM,1,32678,3.3,800,OKOKC,L2019509,A,70,Lexus,LX,"[""SUV""]",16
11111524,OKOKC,4W5TM28913X542654,11111524,11134,30,8/20/2022,7:02 PM,25303,8/21/2022,7:57 AM,1,25750,2.45,110,OKOKC,G2022681,A,80,Genesis,G90,"[""Sedan""]",14
11111525,OKOKC,2U7ST84972P316782,11111525,11135,30,2/4/2023,1:41 PM,24715,2/11/2023,11:45 AM,1,25162,2.45,490,OKOKC,S2019366,R,40,Subaru,Legacy,"[""Sedan""]",14
11111526,OKOKC,5M5EG36564S816211,11111526,11131,0,7/4/2022,12:35 PM,26420,7/7/2022,1:43 PM,1,26867,2.3,180,OKOKC,C2022228,A,60,Chevrolet,Silverado 3500 HD Regular Cab,"[""Pickup""]",22
11111527,OKOKC,7U3DM69419G149369,11111527,11132,30,10/9/2022,11:14 AM,27264,10/13/2022,5:05 AM,1,27711,3.3,400,OKOKC,C2018800,R,70,Cadillac,CT4,"[""Sedan""]",14
11111528,OKOKC,4C2CG98227C671811,11111528,11133,0,11/24/2022,2:29 PM,14401,11/25/2022,6:19 AM,1,14848,2.45,80,OKOKC,T2020350,A,80,Toyota,bZ4X,"[""SUV""]",16
11111529,OKOKC,4Y7RR58334G628343,11111529,11134,0,3/2/2023,5:55 PM,36333,3/5/2023,11:32 PM,1,36780,2.45,180,OKOKC,R2021308,C,60,Ram,ProMaster Window Van,"[""Van/Minivan""]",20
11111530,OKOKC,8Y5BR36276W782225,11111530,11135,30,4/22/2023,7:06 PM,18373,4/27/2023,7:45 AM,1,18820,3.08,350,OKOKC,T2021150,A,40,Tesla,Model Y,"[""SUV""]",16
11111531,OKOKC,1U8HD85114G432116,11111531,11131,0,12/10/2022,2:53 PM,6800,12/16/2022,9:19 PM,1,7247,2.45,240,OKOKC,A2021413,R,40,Audi,e-tron Sportback,"[""SUV""]",16
11111532,OKOKC,7L6MR66835U660324,11111532,11132,0,6/3/2022,1:13 PM,37307,6/4/2022,10:59 AM,1,37754,3.3,50,OKOKC,I2019873,S,50,INFINITI,Q50,"[""Sedan""]",14
11111533,OKOKC,4M3RF34030S241851,11111533,11133,30,9/19/2022,3:38 PM,6819,9/24/2022,6:18 AM,1,7266,2.3,500,OKOKC,N2017175,C,70,Nissan,Altima,"[""Sedan""]",14
11111534,OKOKC,9B4TA17118Z547532,11111534,11134,30,7/4/2022,5:50 PM,32023,7/5/2022,9:43 AM,1,32470,2.3,100,OKOKC,G2019363,A,70,GMC,Hummer EV Pickup,"[""Pickup""]",22
11111535,OKOKC,5X2NS47155M764631,11111535,11135,30,11/25/2022,10:43 AM,29447,11/27/2022,1:02 PM,1,29894,2.3,200,OKOKC,M2019433,A,70,Mercedes-Benz,GLE,"[""SUV""]",16
11111536,OKOKC,8M3ZA99348R734453,11111536,11131,0,2/8/2023,11:14 AM,28855,2/14/2023,11:45 AM,1,29302,3.08,420,OKOKC,A2019951,R,70,Audi,A5,"{""Sedan""]",14
11111537,OKOKC,2L4EY76353G632179,11111537,11132,0,9/18/2022,7:34 PM,33001,9/19/2022,11:47 PM,1,33448,3.08,40,OKOKC,T2022970,C,40,Toyota,C-HR,"[""SUV""]",16
11111538,OKOKC,2F3UC69401N593962,11111538,11133,30,10/12/2022,10:35 AM,14147,10/20/2022,7:43 PM,1,14594,3.08,880,OKOKC,T2018909,R,80,Tesla,Model X,"[""SUV""]",16
11111539,OKOKC,5S4ZU45303J560080,11111539,11134,30,9/27/2022,12:42 PM,26544,10/3/2022,1:37 AM,1,26991,3.08,600,OKOKC,V2022395,R,70,Volvo,XC90,"[""SUV""]",16
11111540,OKOKC,2Y4RG33336C349889,11111540,11135,30,3/20/2023,10:31 AM,21520,3/27/2023,6:27 AM,1,21967,3.3,700,OKOKC,R2021308,C,70,Ram,ProMaster Window Van,"[""Van/Minivan""]",20
11111541,OKOKC,8M3ZA99348R734453,11111541,11131,0,1/30/2023,11:43 AM,14864,2/7/2023,1:13 PM,1,15311,2.45,560,OKOKC,A2019951,R,70,Audi,A5,"{""Sedan""]",14
11111542,OKTUL,1N6JN77909R499284,11111542,11137,30,11/26/2022,11:27 AM,6492,11/29/2022,10:35 AM,1,6939,3.08,330,OKTUL,A2020943,A,80,Audi,Q5,"[""SUV""]",16
11111543,OKTUL,7S9UJ91201V200455,11111543,11139,30,7/12/2022,12:40 PM,35655,7/19/2022,5:08 AM,1,36102,2.3,630,OKTUL,A2022709,C,60,Alfa Romeo,Tonale,"[""SUV""]",16
11111544,OKTUL,1Z1GT32383N231807,11111544,11140,30,6/1/2022,10:39 AM,39095,6/2/2022,9:12 AM,1,39542,2.45,90,OKTUL,N2018726,A,60,Nissan,LEAF,"[""Hatchback""]",14
11111545,OKTUL,8E3MR12936K682707,11111545,11136,30,10/19/2022,8:17 AM,15745,10/25/2022,2:02 PM,1,16192,2.3,480,OKTUL,A2020339,R,50,Acura,MDX,"[""SUV""]",16
11111546,OKTUL,5E2BR16493G689619,11111546,11138,0,12/6/2022,7:11 PM,27356,12/8/2022,8:24 AM,1,27803,3.08,120,OKTUL,A2021413,A,60,Audi,e-tron Sportback,"[""SUV""]",16
11111547,OKTUL,5J3UC81102E364082,11111547,11137,30,10/20/2022,5:10 PM,26600,10/26/2022,1:11 PM,1,27047,3.3,480,OKTUL,M2019957,A,50,MINI,Hardtop 4 Door,"[""Hatchback""]",14
11111548,OKTUL,1Y9PS47434K493133,11111548,11139,30,9/1/2022,1:45 PM,11209,9/4/2022,8:07 PM,1,11656,2.45,300,OKTUL,A2020469,A,70,Audi,Q8,"[""SUV""]",16
11111549,OKTUL,3D4GW91076D673530,11111549,11140,0,1/2/2023,8:24 AM,20009,1/5/2023,10:23 PM,1,20456,3.08,180,OKTUL,F2020429,A,60,Ford,F150 Lightning,"[""Pickup""]",22
11111550,OKTUL,2Z9GV73188J520897,11111550,11136,30,12/5/2022,6:37 PM,8070,12/12/2022,10:49 PM,1,8517,2.3,770,OKTUL,S2021374,A,80,Subaru,Forester,"[""SUV""]",16
11111551,OKTUL,9W7ZJ60564Z549495,11111551,11138,0,10/3/2022,10:52 AM,10442,10/9/2022,10:53 AM,1,10889,2.45,420,OKTUL,P2019126,A,70,Porsche,Cayenne,"[""SUV""]",16
11111552,OKTUL,2X6FP50955B527430,11111552,11137,30,2/24/2023,3:42 PM,10848,3/2/2023,10:01 AM,1,11295,3.08,600,OKTUL,S2021374,C,70,Subaru,Forester,"[""SUV""]",16
11111553,OKTUL,4C6KE28609T804067,11111553,11139,30,10/22/2022,6:39 PM,25159,10/27/2022,2:59 AM,1,25606,2.3,500,OKTUL,S2019366,A,70,Subaru,Legacy,"[""Sedan""]",14
11111554,OKTUL,3X6GA21624Z954027,11111554,11140,0,4/1/2023,9:41 AM,13029,4/9/2023,9:26 AM,1,13476,3.08,400,OKTUL,G2019363,C,50,GMC,Hummer EV Pickup,"[""Pickup""]",22
11111555,OKTUL,7T5MN90307T131063,11111555,11136,0,3/19/2023,11:40 AM,21435,3/27/2023,8:51 AM,1,21882,2.3,320,OKTUL,M2018562,C,40,MAZDA,CX-50,"[""SUV""]",16
11111556,OKTUL,7V2YK77218X576693,11111556,11138,0,8/1/2022,1:48 PM,7292,8/9/2022,11:23 PM,1,7739,3.3,400,OKTUL,F2019758,R,50,Ford,E-Transit 350 Cargo Van,"[""Van/Minivan""]",20
11111557,OKTUL,6Z4VX69439P501721,11111557,11137,30,9/3/2022,6:25 PM,24647,9/11/2022,1:28 AM,1,25094,2.3,880,OKTUL,M2019934,R,80,Mitsubishi,Outlander PHEV,"[""SUV""]",16
11111558,OKTUL,7D1KN16106F305762,11111558,11139,30,4/24/2023,4:25 PM,15824,5/2/2023,9:59 PM,1,16271,2.45,560,OKTUL,S2022799,A,40,Subaru,Solterra,"[""SUV""]",16
11111559,OKTUL,2X8AE34620A306713,11111559,11140,0,3/15/2023,9:46 AM,29607,3/23/2023,7:34 PM,1,30054,3.08,480,OKTUL,B2018162,R,60,BMW,X5 M,"[""SUV""]",16
11111560,OKTUL,4K3PJ16202F380842,11111560,11136,30,2/21/2023,8:24 AM,26126,2/24/2023,7:15 PM,1,26573,2.3,330,OKTUL,T2020350,C,80,Toyota,bZ4X,"[""SUV""]",16
11111561,OKTUL,6V4UT88228R134144,11111561,11138,30,5/3/2023,7:14 PM,19077,5/11/2023,5:21 AM,1,19524,2.3,800,OKTUL,C2022706,A,70,Cadillac,XT5,"[""SUV""]",16
11111562,OKTUL,6X9LG81932V910472,11111562,11137,30,2/14/2023,9:33 AM,37523,2/21/2023,6:15 PM,1,37970,2.3,560,OKTUL,C2020624,C,50,Chevrolet,Tahoe,"[""SUV""]",16
11111563,OKTUL,8U3SK48563N319669,11111563,11139,0,12/12/2022,4:13 PM,27553,12/18/2022,12:20 AM,1,28000,2.45,420,OKTUL,A2020255,C,70,Audi,e-tron,"[""SUV""]",16
11111564,OKTUL,8X8XM90845X241794,11111564,11140,30,10/16/2022,10:54 AM,21051,10/17/2022,7:08 AM,1,21498,3.3,70,OKTUL,J2020196,R,40,Jeep,Wrangler Unlimited 4xe,"[""SUV""]",16
11111565,OKTUL,6T2CB28779X845662,11111565,11136,0,7/3/2022,2:44 PM,5546,7/11/2022,12:44 AM,1,5993,2.45,560,OKTUL,S2022799,A,70,Subaru,Solterra,"[""SUV""]",16
11111566,OKTUL,3D4WP84811S957216,11111566,11138,30,3/11/2023,9:22 AM,14644,3/16/2023,6:50 PM,1,15091,2.45,350,OKTUL,T2018909,C,40,Tesla,Model X,"[""SUV""]",16
11111567,OKTUL,5F4CS37026R916877,11111567,11137,30,10/12/2022,12:05 PM,27894,10/14/2022,3:31 PM,1,28341,2.45,160,OKTUL,B2021568,A,50,BMW,8 Series,"[""Sedan""]",14
11111568,OKTUL,8T5AZ94363W851254,11111568,11139,0,6/26/2022,1:54 PM,33945,7/3/2022,9:55 PM,1,34392,2.3,560,OKTUL,A2021588,A,80,Audi,S5,"[""Sedan""]",14
11111569,OKTUL,1M6TY64896P412245,11111569,11140,30,8/21/2022,9:14 AM,31977,8/27/2022,1:25 AM,1,32424,2.45,480,OKTUL,V2019895,A,50,Volvo,S60,"[""Sedan""]",14
11111570,OKTUL,3V5ZC27453L203410,11111570,11136,0,12/13/2022,4:45 PM,22538,12/15/2022,10:03 AM,1,22985,3.3,120,OKTUL,V2020170,A,60,Volkswagen,Arteon,"[""Sedan""]",14
11111571,OKTUL,4C2HD55877X495762,11111571,11138,0,7/14/2022,12:52 PM,38829,7/16/2022,4:58 PM,1,39276,3.08,140,OKTUL,T2019392,R,70,Tesla,Model S,"[""Sedan""]",14
11111572,OKTUL,2Z1ME78668L981453,11111572,11137,30,8/20/2022,12:47 PM,25344,8/21/2022,3:05 AM,1,25791,3.3,90,OKTUL,C2021118,A,60,Chevrolet,Silverado 1500 Regular Cab,"[""Pickup""]",22
11111573,OKTUL,3A8ZL32347T125173,11111573,11139,0,1/27/2023,7:56 PM,38459,2/1/2023,1:01 PM,1,38906,2.3,200,OKTUL,C2017260,A,40,Chevrolet,Express 3500 Cargo,"[""Van/Minivan""]",20
11111574,OKTUL,2X1AG36474C535962,11111574,11140,30,9/14/2022,4:38 PM,24368,9/15/2022,4:49 PM,1,24815,3.3,90,OKTUL,L2021456,A,60,Lexus,NX,"[""SUV""]",16
11111575,OKTUL,4L3DT52511Z553484,11111575,11136,0,6/5/2022,10:53 AM,17986,6/7/2022,12:04 AM,1,18433,3.3,120,OKTUL,A2020660,A,60,Audi,e-tron S,"[""SUV""]",16
11111576,OKTUL,2S8NC21366Y867623,11111576,11138,0,6/16/2022,11:22 AM,37608,6/20/2022,4:52 AM,1,38055,3.08,160,OKTUL,V2022555,A,40,Volkswagen,Golf GTI,"[""Hatchback""]",14
11111577,OKTUL,4T8KR67911M469244,11111577,11137,30,4/3/2023,11:49 AM,26957,4/4/2023,8:53 AM,1,27404,2.3,70,OKTUL,K2022440,C,40,Kia,Stinger,"[""Sedan""]",14
11111578,OKTUL,9A8HW40741F392662,11111578,11139,30,12/15/2022,6:49 PM,17107,12/21/2022,10:34 AM,1,17554,3.3,600,OKTUL,S2018607,R,70,Subaru,Ascent,"[""SUV""]",16
11111579,OKTUL,9H3CX56801H996851,11111579,11140,30,8/12/2022,12:24 PM,7414,8/20/2022,8:49 AM,1,7861,3.3,720,OKTUL,S2018607,C,60,Subaru,Ascent,"[""SUV""]",16
11111580,OKTUL,7Z1ZR50317M351313,11111580,11136,30,7/30/2022,3:36 PM,13304,8/7/2022,8:13 AM,1,13751,3.08,880,OKTUL,F2019758,C,80,Ford,E-Transit 350 Cargo Van,"[""Van/Minivan""]",20
11111581,OKTUL,6H9MG53578A763849,11111581,11138,0,11/13/2022,11:23 AM,21998,11/14/2022,3:10 AM,1,22445,3.3,40,OKTUL,M2018743,A,40,Maserati,Grecale,"[""SUV""]",16
11111582,OKTUL,9B1JV26871V994102,11111582,11137,30,12/11/2022,8:49 AM,9281,12/18/2022,3:07 PM,1,9728,2.45,700,OKTUL,A2019137,R,70,Audi,e-tron S Sportback,"[""SUV""]",16
11111583,OKTUL,9V8BH40638A234595,11111583,11139,30,12/8/2022,12:13 PM,26299,12/15/2022,1:04 PM,1,26746,3.3,700,OKTUL,T2020443,A,70,Toyota,RAV4,"[""SUV""]",16
11111584,OKTUL,2V1JP71023L362854,11111584,11140,0,11/22/2022,10:46 AM,6328,11/27/2022,9:36 PM,1,6775,3.3,250,OKTUL,B2018435,A,50,BMW,X3,"[""SUV""]",16
11111585,OKTUL,1E2AB36022A891197,11111585,11136,0,5/12/2023,10:31 AM,14833,5/20/2023,1:12 AM,1,15280,2.3,560,OKTUL,M2019549,A,70,MAZDA,MAZDA3,"[""Sedan""]",14
11111586,OKTUL,8V8DW31830M911209,11111586,11138,30,10/1/2022,7:30 PM,19147,10/2/2022,5:48 PM,1,19594,3.08,90,OKTUL,F2021319,A,60,Ford,Transit Connect Passenger Wagon,"[""Van/Minivan""]",20
11111587,OKTUL,7L3EM96518K798080,11111587,11137,0,12/7/2022,8:45 AM,15305,12/9/2022,5:27 AM,1,15752,2.45,120,OKTUL,F2021981,A,60,Ford,Ranger SuperCrew,"[""Pickup""]",22
11111588,OKTUL,9J7NC25534B588245,11111588,11139,30,10/31/2022,9:30 AM,18988,11/8/2022,4:18 PM,1,19435,3.08,880,OKTUL,V2021536,A,80,Volvo,XC40,"[""SUV""]",16
11111589,OKTUL,7F3UW59485W489858,11111589,11140,0,12/13/2022,10:56 AM,6948,12/14/2022,8:06 AM,1,7395,3.3,40,OKTUL,V2018747,A,40,Volkswagen,Taos,"[""SUV""]",16
11111590,OKTUL,2X6VT73611B849448,11111590,11136,0,3/16/2023,5:44 PM,11205,3/22/2023,2:52 PM,1,11652,2.45,480,OKTUL,A2021615,R,80,Acura,RDX,"[""SUV""]",16
11111591,OKTUL,5N6YF32539P395163,11111591,11138,0,1/3/2023,1:25 PM,22952,1/6/2023,2:23 AM,1,23399,3.3,150,OKTUL,T2020485,R,50,Toyota,Sienna,"[""Van/Minivan""]",20
11111592,OKTUL,7C4MG48508X658809,11111592,11139,0,9/1/2022,12:30 PM,10108,9/3/2022,11:44 PM,1,10555,3.08,120,OKTUL,R2020584,A,60,Ram,ProMaster Cargo Van,"[""Van/Minivan""]",20
11111593,OKTUL,8F1EG64373K367995,11111593,11140,30,2/22/2023,12:30 PM,18062,2/26/2023,2:30 PM,1,18509,3.08,320,OKTUL,H2018624,A,50,Honda,Civic,"[""Sedan""]",14
11111594,OKTUL,7W1AV87372J223648,11111594,11136,30,12/19/2022,11:28 AM,34351,12/21/2022,10:24 AM,1,34798,3.3,140,OKTUL,F2021981,C,40,Ford,Ranger SuperCrew,"[""Pickup""]",22
11111595,OKTUL,2C9DX72729U828772,11111595,11138,0,4/26/2023,12:13 PM,14353,5/4/2023,12:50 PM,1,14800,2.3,320,OKTUL,C2018180,R,40,Chevrolet,Trax,"[""SUV""]",16
11111596,MOSPR,8W2HA30713Y986666,11111596,11146,30,9/8/2022,11:25 AM,33339,9/10/2022,7:49 PM,1,33786,2.45,200,MOSPR,C2021198,A,70,Chevrolet,Silverado 2500 HD Double Cab,"[""Pickup""]",22
11111597,MOSPR,5C1FB73504G249772,11111597,11147,30,12/26/2022,1:51 PM,30383,12/28/2022,12:19 PM,1,30830,2.45,200,MOSPR,C2022114,A,70,Chevrolet,Silverado 1500 Crew Cab,"[""Pickup""]",22
11111598,MOSPR,4G9AV92858E750798,11111598,11148,0,10/20/2022,8:26 AM,30899,10/24/2022,6:28 PM,1,31346,2.3,280,MOSPR,C2020364,C,70,Chevrolet,Colorado Crew Cab,"[""Pickup""]",22
11111599,MOSPR,7J3RG94883L613546,11111599,11149,30,11/20/2022,12:07 PM,15467,11/25/2022,1:26 AM,1,15914,2.45,350,MOSPR,C2021794,A,40,Chrysler,Pacifica,"[""Van/Minivan""]",20
11111600,MOSPR,2S5MJ69230S620387,11111600,11150,0,12/6/2022,12:35 PM,9659,12/9/2022,4:51 PM,1,10106,2.3,240,MOSPR,C2018152,A,80,Chevrolet,Express 2500 Cargo,"[""Van/Minivan""]",20
11111601,MOSPR,6U2CT20065G674626,11111601,11146,0,3/4/2023,6:33 PM,19963,3/7/2023,2:14 PM,1,20410,3.08,180,MOSPR,M2022603,R,60,Mitsubishi,Outlander,"[""SUV""]",16
11111602,MOSPR,9Z8MC49093T543198,11111602,11147,30,6/12/2022,1:44 PM,38866,6/20/2022,4:11 PM,1,39313,2.3,800,MOSPR,A2020255,C,70,Audi,e-tron,"[""SUV""]",16
11111603,MOSPR,8B1ZS36252H155599,11111603,11148,30,12/16/2022,9:35 AM,21481,12/22/2022,6:16 PM,1,21928,2.3,600,MOSPR,K2021143,A,70,Kia,Telluride,"[""SUV""]",16
11111604,MOSPR,6V5AA89005K876690,11111604,11149,0,7/2/2022,5:45 PM,21764,7/4/2022,4:09 PM,1,22211,2.3,80,MOSPR,K2021663,R,40,Kia,Seltos,"[""SUV""]",16
11111605,MOSPR,1R2GL14639F298689,11111605,11150,0,5/22/2023,5:20 PM,22176,5/23/2023,9:49 PM,1,22623,3.08,40,MOSPR,J2018679,A,40,Jeep,Wagoneer,"[""SUV""]",16
11111606,MOSPR,7P1NN35391N130386,11111606,11146,30,10/18/2022,5:55 PM,38863,10/25/2022,1:26 AM,1,39310,3.3,770,MOSPR,V2021411,A,80,Volkswagen,Golf R,"[""Hatchback""]",14
11111607,MOSPR,2E6PG24977M724462,11111607,11147,30,6/11/2022,6:43 PM,31367,6/17/2022,2:47 AM,1,31814,3.3,420,MOSPR,C2022988,R,40,Chevrolet,Silverado 2500 HD Regular Cab,"[""Pickup""]",22
11111608,MOSPR,7A5BU18402P280997,11111608,11148,0,11/28/2022,4:33 PM,25279,12/1/2022,4:23 AM,1,25726,2.45,210,MOSPR,M2021922,A,70,MINI,Clubman,"[""Hatchback""]",14
11111609,MOSPR,8C4LC47569L230400,11111609,11149,30,1/30/2023,12:14 PM,33982,2/2/2023,4:29 AM,1,34429,3.08,240,MOSPR,C2020624,A,50,Chevrolet,Tahoe,"[""SUV""]",16
11111610,MOSPR,5K1XU52641E948203,11111610,11150,0,4/17/2023,7:22 PM,34765,4/18/2023,2:04 AM,1,35212,3.08,60,MOSPR,F2021319,A,60,Ford,Transit Connect Passenger Wagon,"[""Van/Minivan""]",20
